COD_CIE_IAT_2CA;LIB_CIE_FRA;LIB_CIE_ANG;DAT_DEB_VLD;DAT_FIN_VLD
##;INCONNU;INCONNU;01/01/1990;31/12/9999
0B;S.C. BLUE AIR AIRLINE MANAGEMENT;S.C. BLUE AIR AIRLINE MANAGEMENT;01/01/2015;31/12/9999
0J;PREMIUM JET AG;PREMIUM JET AG;01/01/2012;31/12/9999
0Q;HYDRO QUEBEC;HYDRO QUEBEC;01/12/2009;31/12/9999
0V;VIETNAM AIRLINES CORPORATION;VIETNAM AIRLINES CORPORATION;01/08/2011;31/12/9999
17;INTER ILES AIR;INTER ILES AIR;08/01/2016;31/12/9999
1A;AMADEUS IT GROUP SA;AMADEUS IT GROUP SA;01/01/1990;31/12/9999
1B;SABRE ASIA PACIFIC PTE LTD;SABRE ASIA PACIFIC PTE LTD;09/11/2015;31/12/9999
1C;HEWLETT-PACKARD (SCHWEIZ)  GMBH;HEWLETT-PACKARD (SCHWEIZ)  GMBH;01/05/2013;31/12/9999
1D;RADIXX SOLUTIONS INTERNATIONAL INC.;RADIXX SOLUTIONS INTERNATIONAL INC.;01/08/2011;31/12/9999
1E;TRAVELSKY TECHNOLOGY LIMITED;TRAVELSKY TECHNOLOGY LIMITED;01/01/1990;31/12/9999
1F;INFINI TRAVEL INFORMATION INC;INFINI TRAVEL INFORMATION INC;01/01/1990;31/12/9999
1G;TRAVELPORT GLOBAL DISTRIBUTION SYSTEM BV;TRAVELPORT GLOBAL DISTRIBUTION SYSTEM BV;01/03/2010;31/12/9999
1H;JSC SIRENA TRAVEL;JSC SIRENA TRAVEL;01/01/1990;31/12/9999
1I;NETJETS AVIATION INC;NETJETS AVIATION INC;01/08/2011;31/12/9999
1J;AXESS INTERNATIONAL NETWORK INC.;AXESS INTERNATIONAL NETWORK INC.;01/01/1990;31/12/9999
1L;NAVITAIRE OPEN SKIES;NAVITAIRE OPEN SKIES;01/08/2011;31/12/9999
1M;JSC TRANSPORT AUTOMATED INFORMATION SYST;JSC TRANSPORT AUTOMATED INFORMATION SYST;01/08/2011;31/12/9999
1N;NAVITAIRE;NAVITAIRE;01/01/1990;31/12/9999
1P;WORLDSPAN;WORLDSPAN;01/01/1990;31/12/9999
1Q;INTELISYS AVIATION SYSTEMS (2013);INTELISYS AVIATION SYSTEMS (2013);15/06/2015;31/12/9999
1R;BIRD INFORMATION SYSTEMS PRIVATE LIMITED;BIRD INFORMATION SYSTEMS PRIVATE LIMITED;01/08/2011;31/12/9999
1S;SABRE INC;SABRE INC;04/04/2002;31/12/9999
1U;ITA SOFTWARE INC;ITA SOFTWARE INC;06/09/2005;31/12/9999
1V;GALILEO INTERNATIONAL;GALILEO INTERNATIONAL;01/01/1990;31/12/9999
1W;LIMITED LIABILITY SOCIETY KUBANTOURIST;LIMITED LIABILITY SOCIETY KUBANTOURIST;01/08/2011;31/12/9999
1X;FLY BRANSON TRAVEL DBA BRANSON AIR;FLY BRANSON TRAVEL DBA BRANSON AIR;01/07/2011;31/12/9999
1Y;ELECTRONIC DATA SYSTEMS CORPORATION;ELECTRONIC DATA SYSTEMS CORPORATION;24/07/2001;31/12/9999
2B;OPEN JOINT STOCK AK BARS AERO;OPEN JOINT STOCK AK BARS AERO;01/08/2011;31/12/9999
2C;CMA CGM AIR CARGO;CMA CGM AIR CARGO;06/11/2022;31/12/9999
2D;DYNAMIC AIRWAYS LLC;DYNAMIC AIRWAYS LLC;16/04/2015;31/12/9999
2E;SMOKEY BAY AIR INC;SMOKEY BAY AIR INC;16/11/2010;31/12/9999
2F;AFRINAT INTERNATIONAL AIRLINES;AFRINAT INTERNATIONAL AIRLINES;01/02/2013;31/12/9999
2G;OPEN JOINT STOCK COMPANY ANGARA AIRLINES;OPEN JOINT STOCK COMPANY ANGARA AIRLINES;01/05/2013;31/12/9999
2H;THALYS INTERNATIONAL;THALYS INTERNATIONAL;01/07/2012;31/12/9999
2I;2I AIR LCC;2I AIR LCC;08/12/2016;31/12/9999
2J;AIR BURKINA;AIR BURKINA;01/01/1990;31/12/9999
2K;AEROLINAS GALAPAGOS S A AEROGAL;AEROLINAS GALAPAGOS S A AEROGAL;01/12/2010;31/12/9999
2L;TRANSPORTES AEREOS BOLIVIANOS;TRANSPORTES AEREOS BOLIVIANOS;01/08/2011;31/12/9999
2M;MOLDAVIAN AIRLINES;MOLDAVIAN AIRLINES;01/02/2014;31/12/9999
2N;NEXTJET AB;NEXTJET AB;01/08/2011;31/12/9999
2O;REDEMPTION INC;REDEMPTION INC;11/06/2007;31/12/9999
2P;AIR PHILIPPINES CORPORATION DBA PAL EXPR;AIR PHILIPPINES CORPORATION DBA PAL EXPR;01/05/2013;31/12/9999
2Q;AIR CARGO CARRIERS LLC;AIR CARGO CARRIERS LLC;01/08/2010;31/12/9999
2R;VIA RAIL CANADA INC.;VIA RAIL CANADA INC.;01/08/2011;31/12/9999
2S;KINDA AIRLINES;KINDA AIRLINES;01/02/2014;31/12/9999
2T;TIMIS AIR SERVICES;TIMIS AIR SERVICES;05/10/2016;31/12/9999
2U;SUN D OR INTERNATIONAL AIRLINES;SUN D OR INTERNATIONAL AIRLINES;01/08/2011;31/12/9999
2V;AMTRAK;AMTRAK;01/01/1990;31/12/9999
2W;WELCOME AIR LUFTFAHRT GMBH CO KG;WELCOME AIR LUFTFAHRT GMBH CO KG;01/05/2013;31/12/9999
2Z;PASSAREDO TRANSPORTES AEREOS S.A.;PASSAREDO TRANSPORTES AEREOS S.A.;01/03/2014;31/12/9999
3A;CHU KONG PASSENGER TRANSPORT CO. LTD.;CHU KONG PASSENGER TRANSPORT CO. LTD.;01/08/2011;31/12/9999
3B;BINTER CABO VERDE SOCIEDADE UNIPRESS S.A;BINTER CABO VERDE SOCIEDADE UNIPRESS S.A;03/02/2017;31/12/9999
3C;CALIMA AVIACION S.L;CALIMA AVIACION S.L;01/02/2014;31/12/9999
3D;DOKASCH GMBH;DOKASCH GMBH;01/02/2012;31/12/9999
3E;MULTI AERO INC DBA AIR CHOICE ONE;MULTI AERO INC DBA AIR CHOICE ONE;01/06/2010;31/12/9999
3F;PACIFIC AIRWAYS INC.;PACIFIC AIRWAYS INC.;02/04/2001;31/12/9999
3G;GAMBIA BIRD AILINES LIMITED;GAMBIA BIRD AILINES LIMITED;01/04/2013;31/12/9999
3H;AIR INUIT LTD/LTEE;AIR INUIT LTD/LTEE;01/01/1990;31/12/9999
3I;AIRLIFT SERVICE LTD;AIRLIFT SERVICE LTD;01/10/2010;31/12/9999
3J;JUBBA AIRWAYS LIMITED DBA;JUBBA AIRWAYS LIMITED DBA;01/05/2014;31/12/9999
3K;JETSTAR ASIA AIRWAYS PTE LTD;JETSTAR ASIA AIRWAYS PTE LTD;01/11/2011;31/12/9999
3L;AIR ARABIA ABU DHABI DBA AIR ARABIA ABU;AIR ARABIA ABU DHABI DBA AIR ARABIA ABU;10/04/2024;31/12/9999
3M;SILVER AIRWAYS CORP;SILVER AIRWAYS CORP;01/02/2012;31/12/9999
3N;AIR URGA;AIR URGA;01/01/1990;31/12/9999
3O;AIR ARABIA MAROC;AIR ARABIA MAROC;01/02/2012;31/12/9999
3R;JOINT STOCK COMPANY MOSKOVIA AIRLINES;JOINT STOCK COMPANY MOSKOVIA AIRLINES;01/04/2013;31/12/9999
3S;AEROLOGIC GMBH;AEROLOGIC GMBH;01/08/2011;31/12/9999
3T;TARCO AIR;TARCO AIR;15/06/2015;31/12/9999
3U;SICHUAN AIRLINES CO.LTD.;SICHUAN AIRLINES CO.LTD.;01/08/2011;31/12/9999
3V;ASL AIRLINES BELGIUM;ASL AIRLINES BELGIUM;03/02/2017;31/12/9999
3W;MALAWIAN AIRLINES;MALAWIAN AIRLINES;01/01/2014;31/12/9999
3X;JAPAN AIR COMMUTER CO. LTD.;JAPAN AIR COMMUTER CO. LTD.;01/08/2014;31/12/9999
3Y;BASEOPS INTERNATIONAL INC.;BASEOPS INTERNATIONAL INC.;01/11/2011;31/12/9999
3Z;TRAVEL SERVICE POLSKA SP. Z.O.O.;TRAVEL SERVICE POLSKA SP. Z.O.O.;01/07/2012;31/12/9999
4A;AERO TRANSPORTE S.A.;AERO TRANSPORTE S.A.;01/06/2014;31/12/9999
4B;BOUTIQUE AIR INC.;BOUTIQUE AIR INC.;01/12/2011;31/12/9999
4C;AEROVIAS DE INTEGRACION REGIONAL DBA LAT;AEROVIAS DE INTEGRACION REGIONAL DBA LAT;06/05/2016;31/12/9999
4D;AIR SINAI;AIR SINAI;01/08/2011;31/12/9999
4E;STABO AIR LIMITED;STABO AIR LIMITED;01/11/2012;31/12/9999
4G;GAZPROMAVIA AVIATION COMPANY LTD;GAZPROMAVIA AVIATION COMPANY LTD;09/11/2015;31/12/9999
4H;BANGLADESH UNITED AIRWAYSLTD;BANGLADESH UNITED AIRWAYSLTD;01/01/2016;31/12/9999
4I;IHY IZMIR HAVAYOLLARI A S;IHY IZMIR HAVAYOLLARI A S;01/08/2011;31/12/9999
4K;KENN BOREK AIR LTD.;KENN BOREK AIR LTD.;01/01/1990;31/12/9999
4L;PALAU NATIONAL AIRLINES;PALAU NATIONAL AIRLINES;01/03/2014;31/12/9999
4M;LAN ARGENTINA DBA LATAM AIRLINES ARGENTI;LAN ARGENTINA DBA LATAM AIRLINES ARGENTI;06/05/2016;31/12/9999
4N;AIR NORTH CHARTER AND TRAINING LTD;AIR NORTH CHARTER AND TRAINING LTD;01/08/2011;31/12/9999
4O;ORBEST S.A.;ORBEST S.A.;01/07/2019;31/12/9999
4Q;SAFI AIRWAYS LTD;SAFI AIRWAYS LTD;01/08/2011;31/12/9999
4R;JSC ROYAL FLIGHT AIRLINES;JSC ROYAL FLIGHT AIRLINES;09/11/2015;31/12/9999
4S;SOLAR CARGO C A;SOLAR CARGO C A;25/09/2005;31/12/9999
4T;BELAIR AIRLINES LTD.;BELAIR AIRLINES LTD.;01/08/2011;31/12/9999
4U;GERMANWINGS GMBH;GERMANWINGS GMBH;01/05/2011;31/12/9999
4V;BV AIRWAYS DBA BVI AIRWAYS;BV AIRWAYS DBA BVI AIRWAYS;03/03/2017;31/12/9999
4W;ALLIED AIR;ALLIED AIR;01/08/2011;31/12/9999
4X;MERCURY AIR CARGO INC.;MERCURY AIR CARGO INC.;01/08/2011;31/12/9999
4Y;EW DISCOVER GMBH;EW DISCOVER GMBH;24/07/2021;31/12/9999
4Z;SA AIRLINK DBA SOUTH AFRICAN AIRLINK;SA AIRLINK DBA SOUTH AFRICAN AIRLINK;01/01/1990;31/12/9999
5A;ALPINE AVIATION INC;ALPINE AVIATION INC;01/03/2014;31/12/9999
5B;BASSAKA AIR LIMITED;BASSAKA AIR LIMITED;07/04/2017;31/12/9999
5C;NATURE AIR SA;NATURE AIR SA;01/08/2011;31/12/9999
5D;AEROLITORAL S.A DE C.V.;AEROLITORAL S.A DE C.V.;01/04/2014;31/12/9999
5E;EAST COAST FLIGHT SERVICES INC.;EAST COAST FLIGHT SERVICES INC.;16/09/2015;31/12/9999
5F;FLY ONE S.R.L.;FLY ONE S.R.L.;26/03/2021;31/12/9999
5G;AEROCUAHONTE SA DE CV;AEROCUAHONTE SA DE CV;06/06/2016;31/12/9999
5H;FIVE FOURTY AVIATION LIMITED;FIVE FOURTY AVIATION LIMITED;01/07/2012;31/12/9999
5J;CEBU AIR INC.;CEBU AIR INC.;02/09/2016;31/12/9999
5K;HI FLY TRANSPORTES AEREOS SA;HI FLY TRANSPORTES AEREOS SA;01/02/2012;31/12/9999
5L;COMPANIA BOLIVIANA DE TRANSPORTE AEREO P;COMPANIA BOLIVIANA DE TRANSPORTE AEREO P;09/11/2015;31/12/9999
5M;HI FLY LTD;HI FLY LTD;01/02/2014;31/12/9999
5N;JOINT STOCK COMPANY NORDAVIA - REGIONAL;JOINT STOCK COMPANY NORDAVIA - REGIONAL;01/08/2011;31/12/9999
5O;ASL AIRLINES FRANCE;ASL AIRLINES FRANCE;07/03/2023;31/12/9999
5P;SMALL PLANET AIRLINES GMBH;SMALL PLANET AIRLINES GMBH;03/02/2017;31/12/9999
5R;BRITISH AIRWAYS RTZ (BTIC);BRITISH AIRWAYS RTZ (BTIC);01/01/1990;31/12/9999
5S;GLOBAL AVIATION SERVICES GROUP;GLOBAL AVIATION SERVICES GROUP;01/11/2011;31/12/9999
5T;CANADIAN NORTH INC;CANADIAN NORTH INC;22/09/2000;31/12/9999
5U;TRANSPORTES AEREOS GUATEMALTECOS S.A.;TRANSPORTES AEREOS GUATEMALTECOS S.A.;01/09/2013;31/12/9999
5V;TATONDUK OUTFITTERS LIMITED DBA EVERTS;TATONDUK OUTFITTERS LIMITED DBA EVERTS;01/05/2013;31/12/9999
5W;ASTRAEUS LTD;ASTRAEUS LTD;24/03/2003;31/12/9999
5X;UPS;UPS;01/01/1990;31/12/9999
5Y;ATLAS AIR INC.;ATLAS AIR INC.;21/09/2011;31/12/9999
5Z;CEMAIR (PTY) LTD. T/A CEMAIR;CEMAIR (PTY) LTD. T/A CEMAIR;01/06/2014;31/12/9999
6A;ARMENIA AIRWAYS AIRCOMPANY CJSC;ARMENIA AIRWAYS AIRCOMPANY CJSC;08/01/2016;31/12/9999
6B;TUIFLY NORDIC AB;TUIFLY NORDIC AB;12/06/2002;31/12/9999
6C;AEROSUCRE S.A.;AEROSUCRE S.A.;01/05/2012;31/12/9999
6D;TRAVEL SERVICE SLOVENSKO S.R.O.;TRAVEL SERVICE SLOVENSKO S.R.O.;15/06/2015;31/12/9999
6E;INTERGLOBE AVIATION LTD. DBA INDIGO;INTERGLOBE AVIATION LTD. DBA INDIGO;01/07/2011;31/12/9999
6F;PRIMERA AIR NORDIC;PRIMERA AIR NORDIC;01/03/2015;31/12/9999
6G;GO2SKY;GO2SKY;01/09/2013;31/12/9999
6H;ISRAIR AIRLINES AND TOURISM LTD;ISRAIR AIRLINES AND TOURISM LTD;01/08/2011;31/12/9999
6I;AIR ALSIE A/S;AIR ALSIE A/S;01/09/2013;31/12/9999
6J;SOLASEED AIR INC.;SOLASEED AIR INC.;08/01/2016;31/12/9999
6L;AKLAK INC.;AKLAK INC.;02/09/2008;31/12/9999
6M;MAXIMUS AIRLINES;MAXIMUS AIRLINES;05/05/2017;31/12/9999
6N;NIGER AIRLINES S.A.;NIGER AIRLINES S.A.;01/03/2014;31/12/9999
6O;ORBEST;ORBEST;16/02/2020;31/12/9999
6P;ROVOS AIR PTY LTD. T/A GRYPHON AIRLINE;ROVOS AIR PTY LTD. T/A GRYPHON AIRLINE;01/08/2011;31/12/9999
6R;OPEN JOINT STOCK COMPANY ALROSA (MIRNY A;OPEN JOINT STOCK COMPANY ALROSA (MIRNY A;01/04/2013;31/12/9999
6T;AIR MANDALAY LTD.;AIR MANDALAY LTD.;08/12/2016;31/12/9999
6V;AVIATION COMPANY MARS RK LTD;AVIATION COMPANY MARS RK LTD;01/09/2013;31/12/9999
6W;LIBO AIR CARGO;LIBO AIR CARGO;01/11/2011;31/12/9999
6Y;SMARTLYNX AIRLINES LTD;SMARTLYNX AIRLINES LTD;01/02/2009;31/12/9999
6Z;JSC AIRCOMPANY EURO ASIA AIR;JSC AIRCOMPANY EURO ASIA AIR;01/06/2010;31/12/9999
7A;EXPRESS AIR CARGO;EXPRESS AIR CARGO;05/10/2016;31/12/9999
7B;FLY BLUE CRANE (PTY) LTD;FLY BLUE CRANE (PTY) LTD;08/01/2016;31/12/9999
7C;JEJU AIR CO LTD;JEJU AIR CO LTD;01/08/2011;31/12/9999
7D;MGC AVIATION;MGC AVIATION;08/01/2016;31/12/9999
7E;SYLT AIR GMBH;SYLT AIR GMBH;01/02/2009;31/12/9999
7F;BRADLEY AIR SERVICES LIMITED T/A FIRST A;BRADLEY AIR SERVICES LIMITED T/A FIRST A;01/03/2012;31/12/9999
7G;STAR FLYER INC;STAR FLYER INC;07/07/2015;31/12/9999
7H;CORVUS AIRLINES INC. DBA RAVN ALASKA;CORVUS AIRLINES INC. DBA RAVN ALASKA;01/10/2014;31/12/9999
7I;INSEL AIR INTERNATIONAL NV;INSEL AIR INTERNATIONAL NV;18/03/2025;31/12/9999
7J;OJSC TAJIK AIR;OJSC TAJIK AIR;07/07/2011;31/12/9999
7K;AMSAFE BRIDPORT;AMSAFE BRIDPORT;01/08/2011;31/12/9999
7L;SILK WAY WEST AIRLINES LIMITED;SILK WAY WEST AIRLINES LIMITED;01/07/2012;31/12/9999
7N;METROJETS LLC;METROJETS LLC;26/03/2021;31/12/9999
7O;TRAVEL SERVICE LEGIFORGALMI ES SZOLGALTA;TRAVEL SERVICE LEGIFORGALMI ES SZOLGALTA;01/03/2011;31/12/9999
7P;AIR PANAMA DBA PARSA S.A.;AIR PANAMA DBA PARSA S.A.;01/07/2012;31/12/9999
7Q;ELITE AIRWAYS LLC;ELITE AIRWAYS LLC;01/04/2014;31/12/9999
7S;ARCTIC TRANSPORTATION SERVICES INC DBA R;ARCTIC TRANSPORTATION SERVICES INC DBA R;01/03/2012;31/12/9999
7T;TRENITALIA S.P.A.;TRENITALIA S.P.A.;01/07/2011;31/12/9999
7U;ALPHA AIR TRANSPORT DBA COMMERCIAL AVIAT;ALPHA AIR TRANSPORT DBA COMMERCIAL AVIAT;01/06/2014;31/12/9999
7V;FEDERAL AIRLINES (PTY) LTD T A PELICAN A;FEDERAL AIRLINES (PTY) LTD T A PELICAN A;01/08/2011;31/12/9999
7W;WIND ROSE AVIATION COMPANY;WIND ROSE AVIATION COMPANY;01/05/2014;31/12/9999
7Y;MANN YADANARPON AIRLINES CO. LTD;MANN YADANARPON AIRLINES CO. LTD;01/03/2014;31/12/9999
7Z;HALCYON AIR CABO VERDE S.A.;HALCYON AIR CABO VERDE S.A.;01/11/2011;31/12/9999
8A;PANAMA AIRWAYS;PANAMA AIRWAYS;01/11/2012;31/12/9999
8B;PT. TRANSNUSA AVIATION MANDIRI;PT. TRANSNUSA AVIATION MANDIRI;01/02/2025;31/12/9999
8C;AIR TRANSPORT INTERNATIONAL INC;AIR TRANSPORT INTERNATIONAL INC;08/01/2016;31/12/9999
8D;FITS AVIATION (PVT) LTD;FITS AVIATION (PVT) LTD;01/11/2013;31/12/9999
8E;BERING AIR INC.;BERING AIR INC.;01/11/2011;31/12/9999
8F;STP AIRWAYS;STP AIRWAYS;01/03/2011;31/12/9999
8G;MID AFRICA AVIATION;MID AFRICA AVIATION;08/01/2016;31/12/9999
8H;BH AIR LTD.;BH AIR LTD.;01/03/2012;31/12/9999
8J;LINEA AEREA ECO JET S.A.;LINEA AEREA ECO JET S.A.;01/03/2014;31/12/9999
8K;EXPLOITS VALLEY AIR SERVICES;EXPLOITS VALLEY AIR SERVICES;02/08/2011;31/12/9999
8L;LUCKY AIR CO LTD;LUCKY AIR CO LTD;01/08/2011;31/12/9999
8M;MYANMAR AIRWAYS INTERNATIONAL;MYANMAR AIRWAYS INTERNATIONAL;28/01/2002;31/12/9999
8N;NORDKALOTTFLYG AB;NORDKALOTTFLYG AB;24/09/1999;31/12/9999
8P;PACIFIC COASTAL AIRLINES LIMITED;PACIFIC COASTAL AIRLINES LIMITED;02/09/2008;31/12/9999
8Q;ONUR AIR TASIMACILIK A.S.;ONUR AIR TASIMACILIK A.S.;01/03/2014;31/12/9999
8R;AMELIA FRANCE;AMELIA FRANCE;03/06/2021;31/12/9999
8S;SHUN TAK-CHINA TRAVEL SHIP MGMT. LTD.;SHUN TAK-CHINA TRAVEL SHIP MGMT. LTD.;01/08/2011;31/12/9999
8T;AIR TINDI LTD.;AIR TINDI LTD.;01/11/2011;31/12/9999
8U;AFRIQIYAH AIRWAYS;AFRIQIYAH AIRWAYS;19/12/2001;31/12/9999
8V;ASTRAL AVIATION LTD;ASTRAL AVIATION LTD;01/08/2011;31/12/9999
8W;PRIVATE WINGS FLUGCHARTER GMBH;PRIVATE WINGS FLUGCHARTER GMBH;01/03/2005;31/12/9999
8Z;CONGO AIRWAYS;CONGO AIRWAYS;03/03/2017;31/12/9999
90;THE CARGO FLIGHTS CO. LTD.;THE CARGO FLIGHTS CO. LTD.;07/07/2015;31/12/9999
99;SAS CONNECT;SAS CONNECT;01/05/2024;31/12/9999
9A;VIAZUL;VIAZUL;01/06/2014;31/12/9999
9B;ACCESRAIL AND PARTNER RAILWAYS;ACCESRAIL AND PARTNER RAILWAYS;01/08/2011;31/12/9999
9C;SPRING AIRLINES LIMITED CORPORATION;SPRING AIRLINES LIMITED CORPORATION;02/08/2011;31/12/9999
9D;TOUMAI AIR TCHAD;TOUMAI AIR TCHAD;01/10/2009;31/12/9999
9E;ENDEAVOR AIR;ENDEAVOR AIR;26/06/2013;31/12/9999
9F;EUROSTAR INTERNATIONAL LIMITED;EUROSTAR INTERNATIONAL LIMITED;01/05/2012;31/12/9999
9G;9G RAIL LIMITED;9G RAIL LIMITED;15/05/2003;31/12/9999
9H;CHANGAN AIRLINES LIMITED COMPANY;CHANGAN AIRLINES LIMITED COMPANY;09/11/2015;31/12/9999
9I;AIRLINE ALLIED SERVICES LIMITED DBA ALLI;AIRLINE ALLIED SERVICES LIMITED DBA ALLI;01/03/2014;31/12/9999
9J;DANA AIRLINES LIMITED;DANA AIRLINES LIMITED;01/07/2014;31/12/9999
9K;HYANNIS AIR SERVICE INC DBA CAPE AIR;HYANNIS AIR SERVICE INC DBA CAPE AIR;02/04/2008;31/12/9999
9L;AIRTANKER SERVICES LIMITED;AIRTANKER SERVICES LIMITED;08/12/2016;31/12/9999
9M;MASSY AIRLINES;MASSY AIRLINES;01/11/2013;31/12/9999
9N;TROPIC AIR LIMITED;TROPIC AIR LIMITED;01/05/2014;31/12/9999
9P;AIR ARABIA JORDAN;AIR ARABIA JORDAN;01/03/2015;31/12/9999
9Q;CAICOS EXPRESS AIRWAYS;CAICOS EXPRESS AIRWAYS;01/12/2012;31/12/9999
9R;SERVICIO AEREO A TERRITORIOS NACIONALES;SERVICIO AEREO A TERRITORIOS NACIONALES;15/06/2015;31/12/9999
9S;SOUTHERN AIR INC;SOUTHERN AIR INC;01/05/2014;31/12/9999
9T;ACT HAVAYOLLARI A.S.;ACT HAVAYOLLARI A.S.;01/11/2011;31/12/9999
9U;AIR MOLDOVA;AIR MOLDOVA;01/01/1990;31/12/9999
9V;AVIOR AIRLINES C.A.;AVIOR AIRLINES C.A.;01/07/2012;31/12/9999
9W;JET AIRWAYS (INDIA)  LIMITED;JET AIRWAYS (INDIA)  LIMITED;01/01/1990;31/12/9999
9X;EXECUTIVE EXPRESS AVIATION LLC;EXECUTIVE EXPRESS AVIATION LLC;01/02/2015;31/12/9999
A1;APG DISTRIBUTION SYSTEM;APG DISTRIBUTION SYSTEM;19/02/2025;31/12/9999
A2;ASTRA AIRLINES;ASTRA AIRLINES;01/08/2011;31/12/9999
A3;AEGEAN AIRLINES S A;AEGEAN AIRLINES S A;07/06/1999;31/12/9999
A5;HOP;HOP;29/05/2013;31/12/9999
A7;AEREO CALAFIA S.A. DE C.V.;AEREO CALAFIA S.A. DE C.V.;08/12/2016;31/12/9999
A8;AEROLINK UGANDA LIMITED;AEROLINK UGANDA LIMITED;01/12/2012;31/12/9999
A9;GEORGIAN AIRWAYS;GEORGIAN AIRWAYS;01/08/2011;31/12/9999
AA;AMERICAN AIRLINES INC.;AMERICAN AIRLINES INC.;01/01/1990;31/12/9999
AB;AIR BERLIN PLC AND CO. LUFTVERKEHRS KG;AIR BERLIN PLC AND CO. LUFTVERKEHRS KG;01/08/2011;31/12/9999
AC;AIR CANADA;AIR CANADA;01/01/1990;31/12/9999
AD;AZUL LINHAS AEREAS BRASILEIRAS;AZUL LINHAS AEREAS BRASILEIRAS;01/08/2011;31/12/9999
AE;MANDARIN AIRLINES LTD;MANDARIN AIRLINES LTD;01/01/1990;31/12/9999
AF;AIR FRANCE;AIR FRANCE;01/01/1990;31/12/9999
AG;AG ASL AIRLINES IRL;AG ASL AIRLINES IRL;14/01/2016;31/12/9999
AH;AIR ALGERIE;AIR ALGERIE;01/01/1990;31/12/9999
AI;AIR INDIA LIMITED;AIR INDIA LIMITED;01/08/2011;31/12/9999
AJ;AZTEC WORLDWIDE AIRLINES INC;AZTEC WORLDWIDE AIRLINES INC;01/04/2010;31/12/9999
AK;AIRASIA BERHAD DBA AIRASIA;AIRASIA BERHAD DBA AIRASIA;01/10/2009;31/12/9999
AL;AIR LEISURE;AIR LEISURE;07/07/2015;31/12/9999
AM;AEROMEXICO AEROVIAS DE MEXICO S.A. DE C.;AEROMEXICO AEROVIAS DE MEXICO S.A. DE C.;01/08/2011;31/12/9999
AN;HOP AIRLINAIR;HOP AIRLINAIR;29/05/2013;31/12/9999
AO;AVIANOVA LCC;AVIANOVA LCC;21/09/2011;31/12/9999
AP;ALBA STAR S.A. DBA ALBA STAR.ES;ALBA STAR S.A. DBA ALBA STAR.ES;08/01/2016;31/12/9999
AQ;9 AIR CO LTD;9 AIR CO LTD;01/02/2015;31/12/9999
AR;AEROLINEAS ARGENTINAS S.A.;AEROLINEAS ARGENTINAS S.A.;01/05/2013;31/12/9999
AS;ALASKA AIRLINES INC.;ALASKA AIRLINES INC.;01/01/1990;31/12/9999
AT;ROYAL AIR MAROC;ROYAL AIR MAROC;01/01/1990;31/12/9999
AU;CIELOS DEL SUR S.A. DBA AUSTRAL LINEAS A;CIELOS DEL SUR S.A. DBA AUSTRAL LINEAS A;01/08/2011;31/12/9999
AV;AVIANCIA AEROVIAS NACIONALES DE COLOMBIA;AVIANCIA AEROVIAS NACIONALES DE COLOMBIA;01/01/1990;31/12/9999
AW;ALWAFEER AIR;ALWAFEER AIR;01/10/2010;31/12/9999
AX;TRANS STATES AIRLINES LLC;TRANS STATES AIRLINES LLC;01/04/2013;31/12/9999
AY;FINNAIR OYJ;FINNAIR OYJ;01/01/1990;31/12/9999
AZ;ITA AIRWAYS;ITA AIRWAYS;07/12/2021;31/12/9999
B0;DREAMJET SAS T/A LA COMPAGNIE;DREAMJET SAS T/A LA COMPAGNIE;01/07/2014;31/12/9999
B1;BRAVO PASSENGER SOLUTION PTE. LTD.;BRAVO PASSENGER SOLUTION PTE. LTD.;01/08/2014;31/12/9999
B2;BELAVIA;BELAVIA;01/01/1990;31/12/9999
B3;BHUTAN AIRLINES DBA TASHI AIR PVT LTD;BHUTAN AIRLINES DBA TASHI AIR PVT LTD;01/03/2015;31/12/9999
B4;ZANAIR LIMITED;ZANAIR LIMITED;01/08/2011;31/12/9999
B5;BRITISH AIRWAYS RTB (BTIC);BRITISH AIRWAYS RTB (BTIC);01/01/1990;31/12/9999
B6;JETBLUE AIRWAYS CORPORATION;JETBLUE AIRWAYS CORPORATION;10/11/1999;31/12/9999
B7;UNI AIRWAYS CORPORATION;UNI AIRWAYS CORPORATION;26/05/2009;31/12/9999
B8;ERITREAN AIRLINES;ERITREAN AIRLINES;01/08/2011;31/12/9999
B9;IRAN AIR TOURS;IRAN AIR TOURS;03/02/2017;31/12/9999
BA;BRITISH AIRWAYS P.L.C.;BRITISH AIRWAYS P.L.C.;01/01/1990;31/12/9999
BB;SEABORNE AIRLINES;SEABORNE AIRLINES;01/08/2012;31/12/9999
BC;SKYMARK AIRLINES INC;SKYMARK AIRLINES INC;01/01/1990;31/12/9999
BD;CAMBODIA BAYON AIRLINES LIMITED;CAMBODIA BAYON AIRLINES LIMITED;01/12/2014;31/12/9999
BE;FLYBE LIMITED;FLYBE LIMITED;14/04/2011;31/12/9999
BF;FRENCH BEE;FRENCH BEE;10/09/2016;31/08/2039
BG;BIMAN BANGLADESH AIRLINES;BIMAN BANGLADESH AIRLINES;01/01/1990;31/12/9999
BH;BISMILLAH AIRLINES;BISMILLAH AIRLINES;04/11/2016;31/12/9999
BI;ROYAL BRUNEI AIRLINES SDN BHD;ROYAL BRUNEI AIRLINES SDN BHD;01/01/1990;31/12/9999
BJ;NOUVELAIR TUNISIE;NOUVELAIR TUNISIE;01/08/2011;31/12/9999
BK;OKAY AIRWAYS COMPANY LIMITED;OKAY AIRWAYS COMPANY LIMITED;01/08/2011;31/12/9999
BL;JETSTAR PACIFIC AIRLINES;JETSTAR PACIFIC AIRLINES;01/12/2009;31/12/9999
BM;BRITISH MIDLAND REGIONAL LIMITED T/A BMI;BRITISH MIDLAND REGIONAL LIMITED T/A BMI;01/11/2012;31/12/9999
BO;BINGO AIRWAYS SP. Z.O.O.;BINGO AIRWAYS SP. Z.O.O.;01/11/2013;31/12/9999
BP;AIR BOTSWANA CORPORATION;AIR BOTSWANA CORPORATION;01/01/1990;31/12/9999
BR;EVA AIRWAYS CORPORATION;EVA AIRWAYS CORPORATION;01/01/1990;31/12/9999
BS;US-BANGLA AIRLINES LIMITED;US-BANGLA AIRLINES LIMITED;01/08/2014;31/12/9999
BT;AIR BALTIC CORPORATION AS;AIR BALTIC CORPORATION AS;01/04/2013;31/12/9999
BU;COMPAGNIE AFRICAINE D AVIATION CAA;COMPAGNIE AFRICAINE D AVIATION CAA;01/05/2014;31/12/9999
BV;BLUE PANORAMA AIRLINES S.P.A;BLUE PANORAMA AIRLINES S.P.A;25/05/1999;31/12/9999
BW;CARIBBEAN AIRLINES LIMITED;CARIBBEAN AIRLINES LIMITED;01/08/2011;31/12/9999
BX;AIR BUSAN;AIR BUSAN;02/10/2008;31/12/9999
BY;THOMSON AIRWAYS LIMITED;THOMSON AIRWAYS LIMITED;01/05/2006;31/12/9999
BZ;BLUE BIRD AIRWAYS;BLUE BIRD AIRWAYS;01/02/2014;31/12/9999
C1;TECTIMES SUDAMERICANA S A;TECTIMES SUDAMERICANA S A;01/06/2009;31/12/9999
C2;CEIBA INTERCONTINENTAL SA;CEIBA INTERCONTINENTAL SA;01/07/2011;31/12/9999
C3;TRADE AIR LTD.;TRADE AIR LTD.;16/03/2017;31/12/9999
C4;CONQUEST AIR INC;CONQUEST AIR INC;01/01/2015;31/12/9999
C5;CHAMPLAIN ENTERPRISES INC. DBA COMMUTAIR;CHAMPLAIN ENTERPRISES INC. DBA COMMUTAIR;01/08/2011;31/12/9999
C6;JMI AEROSPACE LTD.;JMI AEROSPACE LTD.;01/11/2011;31/12/9999
C7;SAFFRON AVIATION (PVT) LTD DBA CINNAMON;SAFFRON AVIATION (PVT) LTD DBA CINNAMON;01/06/2013;31/12/9999
CA;AIR CHINA CARGO;AIR CHINA CARGO;01/10/2012;31/12/9999
CB;TRANS CARIBBEAN AIR EXPORT IMPORT INC.;TRANS CARIBBEAN AIR EXPORT IMPORT INC.;01/06/2013;31/12/9999
CC;CM AIRLINES;CM AIRLINES;02/09/2016;31/12/9999
CD;CORENDON DUTCH AIRLINES;CORENDON DUTCH AIRLINES;01/07/2014;31/12/9999
CE;CHALAIR AVIATION;CHALAIR AVIATION;25/03/2013;31/12/9999
CF;CHINA POSTAL AIRLINES LTD;CHINA POSTAL AIRLINES LTD;01/11/2014;31/12/9999
CG;PNG AIR LIMITED;PNG AIR LIMITED;08/12/2016;31/12/9999
CH;BEMIDJI AVIATION SERVICES INC;BEMIDJI AVIATION SERVICES INC;01/07/2011;31/12/9999
CI;CHINA AIRLINES;CHINA AIRLINES;01/01/1990;31/12/9999
CJ;BA CITYFLYER LIMITED;BA CITYFLYER LIMITED;01/08/2011;31/12/9999
CK;CHINA CARGO AIRLINES;CHINA CARGO AIRLINES;01/08/2011;31/12/9999
CL;LUFTHANSA CITYLINE GMBH;LUFTHANSA CITYLINE GMBH;01/01/1990;31/12/9999
CM;COMPANIA PANAMENA DE AVIACION SA (COPA);COMPANIA PANAMENA DE AVIACION SA (COPA);01/01/1990;31/12/9999
CN;GRAND CHINA AIR CO LTD;GRAND CHINA AIR CO LTD;01/08/2011;31/12/9999
CO;CONTINENTAL AIRLINES INC.;CONTINENTAL AIRLINES INC.;01/01/1990;31/12/9999
CP;COMPASS AIRLINES INC;COMPASS AIRLINES INC;11/06/2007;31/12/9999
CQ;COASTAL TRAVELS LTD.;COASTAL TRAVELS LTD.;15/04/2015;31/12/9999
CR;UBM AVIATION - OAG;UBM AVIATION - OAG;01/01/2012;31/12/9999
CS;COMLUX ARUBA NV;COMLUX ARUBA NV;08/12/2016;31/12/9999
CT;ALITALIA CITYLINER S.P.A.;ALITALIA CITYLINER S.P.A.;01/09/2011;31/12/9999
CU;CUBANA DE AVIACION S.A.;CUBANA DE AVIACION S.A.;01/01/1990;31/12/9999
CV;CARGOLUX INTERNATIONNAL;CARGOLUX INTERNATIONNAL;13/06/2019;31/12/9999
CW;AIR CARGO GLOBAL S.R.O;AIR CARGO GLOBAL S.R.O;15/04/2015;31/12/9999
CX;CATHAY PACIFIC AIRWAYS LTD.;CATHAY PACIFIC AIRWAYS LTD.;01/08/2011;31/12/9999
CY;CHARLIE AIRLINES LIMITED;CHARLIE AIRLINES LIMITED;03/03/2017;31/12/9999
CZ;CHINA SOUTHERN AIRLINES;CHINA SOUTHERN AIRLINES;01/01/1990;31/12/9999
D0;DHL AIR LIMITED;DHL AIR LIMITED;01/09/2009;31/12/9999
D2;SEVERSTAL AIRCOMPANY LTD;SEVERSTAL AIRCOMPANY LTD;01/08/2011;31/12/9999
D3;DAALLO AIRLINES;DAALLO AIRLINES;01/08/2011;31/12/9999
D5;DHL AERO EXPRESO S.A.;DHL AERO EXPRESO S.A.;01/01/1990;31/12/9999
D6;INTER-AVIATION SERVICES DBA INTERAIR;INTER-AVIATION SERVICES DBA INTERAIR;01/08/2011;31/12/9999
D7;AIRASIA X BERHAD DBA AIRASIA X.;AIRASIA X BERHAD DBA AIRASIA X.;01/04/2014;31/12/9999
D8;NORWEGIAN AIR INTERNATIONAL LTD.;NORWEGIAN AIR INTERNATIONAL LTD.;01/05/2014;31/12/9999
DB;HOP BRIT AIR;HOP BRIT AIR;28/05/2013;31/12/9999
DD;NOK AIRLINES PUBLIC COMPANY LIMITED DBA;NOK AIRLINES PUBLIC COMPANY LIMITED DBA;01/08/2014;31/12/9999
DE;CONDOR FLUGDIENST GMBH;CONDOR FLUGDIENST GMBH;01/08/2011;31/12/9999
DF;CONDOR BERLIN GMBH;CONDOR BERLIN GMBH;01/08/2011;31/12/9999
DG;SEBGO INC DBA CEBGO;SEBGO INC DBA CEBGO;08/07/2016;31/12/9999
DI;CAMBODIA AIRLINES T/A CAMBODIA AIRLINES;CAMBODIA AIRLINES T/A CAMBODIA AIRLINES;01/12/2013;31/12/9999
DK;THOMAS COOK AIRLINES SCANDINAVIA A/S;THOMAS COOK AIRLINES SCANDINAVIA A/S;01/08/2011;31/12/9999
DL;DELTA AIR LINES INC.;DELTA AIR LINES INC.;01/01/1990;31/12/9999
DO;AIR VALLEE;AIR VALLEE;01/02/2012;31/12/9999
DP;POBEDA AIRLINES LLC;POBEDA AIRLINES LLC;01/03/2015;31/12/9999
DQ;AIR DIRECT CONNECT LTD;AIR DIRECT CONNECT LTD;01/07/2012;31/12/9999
DR;RUILI AIRLINES CO. LTD.;RUILI AIRLINES CO. LTD.;01/11/2013;31/12/9999
DS;EASYJET SWITZERLAND SA;EASYJET SWITZERLAND SA;01/08/2011;31/12/9999
DT;TAAG-LINHAS AEREAS DE ANGOLA (ANGOLA AIR;TAAG-LINHAS AEREAS DE ANGOLA (ANGOLA AIR;01/08/2011;31/12/9999
DU;NORWEGIAN LONG HAUL AS;NORWEGIAN LONG HAUL AS;01/11/2012;31/12/9999
DV;JSC AIRCOMPANY SCAT;JSC AIRCOMPANY SCAT;01/07/2011;31/12/9999
DW;DOMINICAN WINGS S.A.;DOMINICAN WINGS S.A.;15/09/2015;31/12/9999
DX;DANISH AIR TRANSPORT;DANISH AIR TRANSPORT;01/01/1990;31/12/9999
DY;NORWEGIAN AIR SHUTTLE A.S.;NORWEGIAN AIR SHUTTLE A.S.;01/08/2011;31/12/9999
DZ;DONGHAI AIRLINES CO. LTD;DONGHAI AIRLINES CO. LTD;01/02/2014;31/12/9999
E1;EVERBREAD LIMITED;EVERBREAD LIMITED;01/08/2011;31/12/9999
E2;EAGLE ATLANTIC AIRLINES LIMITED;EAGLE ATLANTIC AIRLINES LIMITED;01/08/2013;31/12/9999
E3;SABAIDEE AIRWAYS CO. LTD.;SABAIDEE AIRWAYS CO. LTD.;15/09/2015;31/12/9999
E4;ENTER AIR SPOLKA Z.O.O.;ENTER AIR SPOLKA Z.O.O.;01/01/2015;31/12/9999
E5;AIR ARABIA EGYPT;AIR ARABIA EGYPT;01/02/2012;31/12/9999
E6;BRINGER AIR CARGO TAXI AERO LTDA;BRINGER AIR CARGO TAXI AERO LTDA;18/05/2005;31/12/9999
E7;ESTAFETA CARGA AEREA S.A. DE C.V.;ESTAFETA CARGA AEREA S.A. DE C.V.;01/08/2011;31/12/9999
E8;CITY AIRWAYS COMPANY LIMITED DBA CITY AI;CITY AIRWAYS COMPANY LIMITED DBA CITY AI;01/04/2014;31/12/9999
E9;EVELOP AIRLINES S.L.;EVELOP AIRLINES S.L.;09/11/2015;31/12/9999
EA;EASTERN AIR LINES GROUP INC;EASTERN AIR LINES GROUP INC;15/09/2015;31/12/9999
EB;WAMOS AIR S.A.;WAMOS AIR S.A.;15/06/2015;31/12/9999
EC;EASYJET EUROPE AIRLINE GMBH;EASYJET EUROPE AIRLINE GMBH;01/04/2019;31/12/9999
ED;AIREXPLORE SRO;AIREXPLORE SRO;01/06/2018;31/12/9999
EE;REGIONAL JET OU;REGIONAL JET OU;23/05/2024;31/12/9999
EH;ANA WINGS CO. LTD;ANA WINGS CO. LTD;01/05/2011;31/12/9999
EI;AER LINGUS LIMITED;AER LINGUS LIMITED;01/01/1990;31/12/9999
EJ;EQUATORIAL CONGO AIRLINES;EQUATORIAL CONGO AIRLINES;01/02/2025;31/12/9999
EK;EMIRATES;EMIRATES;01/01/1990;31/12/9999
EL;ELLINAIR S.A.;ELLINAIR S.A.;08/01/2016;31/12/9999
EM;EMPIRE AIRLINES;EMPIRE AIRLINES;01/08/2011;31/12/9999
EN;AIR DOLOMITI S.P.A AEREE REGIONALI EUROP;AIR DOLOMITI S.P.A AEREE REGIONALI EUROP;01/08/2011;31/12/9999
EO;FLYCONGO;FLYCONGO;12/06/2016;31/12/9999
EP;IRAN ASEMAN AIRLINES;IRAN ASEMAN AIRLINES;01/01/2007;31/12/9999
EQ;TAME LINEA AEREA DEL ECUADOR;TAME LINEA AEREA DEL ECUADOR;01/01/1990;31/12/9999
ER;SERENE AIR;SERENE AIR;08/12/2016;31/12/9999
ES;ESTELAR LATINOAMERICA C.A. DBA ESTELAR;ESTELAR LATINOAMERICA C.A. DBA ESTELAR;26/03/2021;31/12/9999
ET;ETHIOPIAN AIRLINES ENTERPRISE;ETHIOPIAN AIRLINES ENTERPRISE;01/01/1990;31/12/9999
EU;CHENGDU AIRLINES;CHENGDU AIRLINES;01/08/2011;31/12/9999
EV;EXPRESSJET AIRLINES INC.;EXPRESSJET AIRLINES INC.;06/10/2015;31/12/9999
EW;EUROWINGS  GMBH;EUROWINGS  GMBH;01/11/2012;31/12/9999
EY;ETIHAD AIRWAYS;ETIHAD AIRWAYS;01/08/2011;31/12/9999
EZ;EVERGREEN INTERNATIONAL AIRLINES INC.;EVERGREEN INTERNATIONAL AIRLINES INC.;01/08/2011;31/12/9999
F1;FARELOGIX INC;FARELOGIX INC;10/08/2005;31/12/9999
F2;SAFARILINK AVIATION LIMITED;SAFARILINK AVIATION LIMITED;01/08/2011;31/12/9999
F3;FLYADEAL;FLYADEAL;24/09/2017;31/12/9999
F5;AEROTRANSCARGO;AEROTRANSCARGO;01/02/2015;31/12/9999
F7;DARWIN AIRLINE SA;DARWIN AIRLINE SA;01/09/2011;31/12/9999
F8;FLAIR AIRLINES LTD.;FLAIR AIRLINES LTD.;01/11/2011;31/12/9999
F9;FRONTIER AIRLINES INC.;FRONTIER AIRLINES INC.;01/08/2011;31/12/9999
FA;SAFAIR (PROPRIETARY) LTD;SAFAIR (PROPRIETARY) LTD;28/10/2002;31/12/9999
FB;BULGARIA AIR;BULGARIA AIR;01/08/2011;31/12/9999
FC;VEE H AVIATION PTY LTD;VEE H AVIATION PTY LTD;08/01/2016;31/12/9999
FD;THAI AIRASIA CO LTD;THAI AIRASIA CO LTD;01/07/2011;31/12/9999
FE;FAR EASTERN AIR TRANSPORT CORP;FAR EASTERN AIR TRANSPORT CORP;01/08/2010;31/12/9999
FF;AIRSHOP B.V.;AIRSHOP B.V.;27/08/2002;31/12/9999
FG;ARIANA AFGHAN AIRLINES;ARIANA AFGHAN AIRLINES;01/01/1990;31/12/9999
FH;FREEBIRD AIRLINES;FREEBIRD AIRLINES;01/12/2009;31/12/9999
FI;ICELANDAIR EHF.;ICELANDAIR EHF.;01/02/2025;31/12/9999
FJ;AIR PACIFIC LIMITED T/A FIJI AIRWAYS;AIR PACIFIC LIMITED T/A FIJI AIRWAYS;01/06/2013;31/12/9999
FK;KELOWNA FLIGHTCRAFT AIR CHARTER LTD.;KELOWNA FLIGHTCRAFT AIR CHARTER LTD.;15/04/2015;31/12/9999
FL;AIRTRAN AIRWAYS INC;AIRTRAN AIRWAYS INC;01/01/1990;31/12/9999
FM;SHANGHAI AIRLINES CO. LTD.;SHANGHAI AIRLINES CO. LTD.;01/08/2011;31/12/9999
FP;SERVICIOS AEREOS DE LOS ANDES S.A.C;SERVICIOS AEREOS DE LOS ANDES S.A.C;01/02/2015;31/12/9999
FQ;FENIX AIRWAYS OF FLORIDA INC DBA FENIX A;FENIX AIRWAYS OF FLORIDA INC DBA FENIX A;01/10/2014;31/12/9999
FR;RYANAIR LTD.;RYANAIR LTD.;01/08/2011;31/12/9999
FS;SYPHAX AIRLINES S A;SYPHAX AIRLINES S A;01/03/2012;31/12/9999
FT;FLYEGYPT;FLYEGYPT;01/02/2018;31/12/9999
FU;FUZHOU AIRLINES CO. LTD.;FUZHOU AIRLINES CO. LTD.;01/10/2014;31/12/9999
FV;ROSSIYA AIRLINES JSC;ROSSIYA AIRLINES JSC;07/07/2015;31/12/9999
FW;IBEX AIRLINES CO  LTD;IBEX AIRLINES CO  LTD;28/06/2002;31/12/9999
FX;FEDEX;FEDEX;01/01/1990;31/12/9999
FY;FLYSKY AIRLINES;FLYSKY AIRLINES;01/02/2025;31/12/9999
FZ;FLYDUBAI;FLYDUBAI;02/07/2011;31/12/9999
G0;GHANA INTERNATIONAL AIRLINES LTD;GHANA INTERNATIONAL AIRLINES LTD;01/08/2011;31/12/9999
G2;GALEYR AIRLINE;GALEYR AIRLINE;07/04/2017;31/12/9999
G3;GOL LINHAS AEREAS S.A.;GOL LINHAS AEREAS S.A.;25/01/2018;31/12/9999
G4;ALLEGIANT AIR LLC;ALLEGIANT AIR LLC;01/08/2011;31/12/9999
G5;CHINA EXPRESS AIRLINES;CHINA EXPRESS AIRLINES;02/01/2016;31/12/9999
G6;GOWAIR;GOWAIR;19/03/2018;31/12/9999
G7;GOJET AIRLINES LLC;GOJET AIRLINES LLC;01/08/2011;31/12/9999
G8;GO AIRLINES (INDIA) LTD.;GO AIRLINES (INDIA) LTD.;01/05/2013;31/12/9999
G9;AIR ARABIA;AIR ARABIA;01/10/2011;31/12/9999
GA;GARUDA INDONESIA;GARUDA INDONESIA;01/01/1990;31/12/9999
GC;GLOBAL FEEDER SERVICES LLC;GLOBAL FEEDER SERVICES LLC;01/08/2013;31/12/9999
GD;GRANDSTAR CARGO INTERNATIONAL AIRLINES C;GRANDSTAR CARGO INTERNATIONAL AIRLINES C;01/08/2011;31/12/9999
GF;GULF AIR B.S.C.;GULF AIR B.S.C.;01/03/2012;31/12/9999
GG;SKY LEASE I INC;SKY LEASE I INC;01/08/2011;31/12/9999
GH;GLOBUS LLC;GLOBUS LLC;01/08/2011;31/12/9999
GI;GERMANIA EXPRESS FLUGGESELLSCHAFT GMBH;GERMANIA EXPRESS FLUGGESELLSCHAFT GMBH;01/11/2012;31/12/9999
GJ;ZHEJIANG LOONG AIRLINES CO. LTD;ZHEJIANG LOONG AIRLINES CO. LTD;01/12/2013;31/12/9999
GK;JETSTAR JAPAN CO. LTD.;JETSTAR JAPAN CO. LTD.;01/05/2014;31/12/9999
GL;AIR GREENLAND A/S;AIR GREENLAND A/S;01/08/2011;31/12/9999
GM;GERMANIA FLUG AG;GERMANIA FLUG AG;15/06/2015;31/12/9999
GN;AIR GABON;AIR GABON;01/01/1990;31/12/9999
GO;ULS AIRLINES CARGO;ULS AIRLINES CARGO;01/08/2009;31/12/9999
GP;APG AIRLINES;APG AIRLINES;08/07/2016;31/12/9999
GQ;SKY EXPRESS S A;SKY EXPRESS S A;05/08/2016;31/12/9999
GR;AURIGNY AIR SERVICES LIMITED;AURIGNY AIR SERVICES LIMITED;01/08/2011;31/12/9999
GS;TIANJIN AIRLINES CO LTD;TIANJIN AIRLINES CO LTD;01/08/2011;31/12/9999
GT;VISTA GEORGIE LTD;VISTA GEORGIE LTD;01/02/2014;31/12/9999
GV;SKY GABON SA;SKY GABON SA;01/08/2011;31/12/9999
GW;GETJET AIRLINES;GETJET AIRLINES;04/07/2024;31/12/9999
GX;GUANGXI BEIBU GULF AIRLINES CO. LTD.;GUANGXI BEIBU GULF AIRLINES CO. LTD.;01/01/2015;31/12/9999
GY;COLORFUL GUIZHOU AIRLINES CO. LTD;COLORFUL GUIZHOU AIRLINES CO. LTD;15/09/2015;31/12/9999
GZ;AIR RAROTONGA;AIR RAROTONGA;01/01/1990;31/12/9999
H1;HAHN AIR SYSTEMS;HAHN AIR SYSTEMS;01/11/2006;31/12/9999
H2;SKY AIRLINES S.A.;SKY AIRLINES S.A.;01/08/2011;31/12/9999
H3;HERMES AIRLINES S.A.;HERMES AIRLINES S.A.;01/08/2012;31/12/9999
H4;RAVEN AIR LLC DBA ISLAND HOPPERS;RAVEN AIR LLC DBA ISLAND HOPPERS;03/03/2017;31/12/9999
H5;LTD I FLY;LTD I FLY;01/11/2009;31/12/9999
H6;HAGELAND AVIATION SERVICES INC.;HAGELAND AVIATION SERVICES INC.;01/01/1990;31/12/9999
H7;EAGLE AIR LTD;EAGLE AIR LTD;01/12/2005;31/12/9999
H8;AURIC AIR SERVICES LIMITED;AURIC AIR SERVICES LIMITED;01/08/2011;31/12/9999
H9;HIMALAYA AIRLINES PVT. LTD.;HIMALAYA AIRLINES PVT. LTD.;02/03/2015;31/12/9999
HA;HUNGARY AIRLINES LTD;HUNGARY AIRLINES LTD;01/02/2025;31/12/9999
HB;ASIA ATLANTIC AIRLINES CO LTD;ASIA ATLANTIC AIRLINES CO LTD;08/01/2016;31/12/9999
HC;AIR SENEGAL S.A.;AIR SENEGAL S.A.;01/01/2019;31/12/9999
HD;HOKKAIDO INT L AIRLINES CO. LTD.;HOKKAIDO INT L AIRLINES CO. LTD.;01/08/2011;31/12/9999
HE;LGW-LUFTFAHRTGESELLSCHAFT WALTER GMBH;LGW-LUFTFAHRTGESELLSCHAFT WALTER GMBH;01/08/2011;31/12/9999
HF;AIR COTE D IVOIRE;AIR COTE D IVOIRE;01/08/2013;31/12/9999
HG;NIKI LUFTFAHRT GMBH;NIKI LUFTFAHRT GMBH;07/04/2017;31/12/9999
HH;TABAN AIRLINES;TABAN AIRLINES;01/08/2011;31/12/9999
HI;PAPILLON AIRWAYS INC.;PAPILLON AIRWAYS INC.;01/08/2011;31/12/9999
HJ;TASMAN CARGO AIRLINES PTY LTD;TASMAN CARGO AIRLINES PTY LTD;01/08/2011;31/12/9999
HK;HHA HAMBURG AIRWAYS;HHA HAMBURG AIRWAYS;01/08/2011;31/12/9999
HL;HOTELS/MOTELS;HOTELS/MOTELS;01/01/2002;31/12/9999
HM;AIR SEYCHELLES LIMITED;AIR SEYCHELLES LIMITED;01/08/2011;31/12/9999
HN;HESTON AIRLINES UAB;HESTON AIRLINES UAB;18/04/2024;31/12/9999
HO;JUNEYAO AIRLINES CO LTD;JUNEYAO AIRLINES CO LTD;01/08/2011;31/12/9999
HP;AMAPOLA FLYG AB;AMAPOLA FLYG AB;01/02/2014;31/12/9999
HQ;THOMAS COOK AIRLINES BELGIUM N V;THOMAS COOK AIRLINES BELGIUM N V;15/11/2012;31/12/9999
HR;HAHN AIR LINES;HAHN AIR LINES;01/08/2011;31/12/9999
HS;HELI SECURITE HELICOPTER AIRLINE;HELI SECURITE HELICOPTER AIRLINE;08/01/2016;31/12/9999
HU;HAINAN AIRLINES COMPANY LIMITED;HAINAN AIRLINES COMPANY LIMITED;01/08/2011;31/12/9999
HV;TRANSAVIA AIRLINES;TRANSAVIA AIRLINES;07/11/2005;31/12/9999
HW;NORTH-WRIGHT AIRWAYS LTD;NORTH-WRIGHT AIRWAYS LTD;01/08/2011;31/12/9999
HX;HONG KONG AIRLINES LIMITED;HONG KONG AIRLINES LIMITED;27/05/2007;31/12/9999
HY;UZBEKISTAN HAVO YULLARY - UZBEKISTAN AIR;UZBEKISTAN HAVO YULLARY - UZBEKISTAN AIR;01/08/2011;31/12/9999
HZ;AURORA AIRLINESJOINT STOCK COMPANY;AURORA AIRLINESJOINT STOCK COMPANY;01/05/2016;31/12/9999
I2;COMPANIA OPERADORA DE CORTO Y MEDIO RADI;COMPANIA OPERADORA DE CORTO Y MEDIO RADI;01/03/2012;31/12/9999
I3;ATA AIRLINES;ATA AIRLINES;01/06/2010;31/12/9999
I4;LTD I FLY;LTD I FLY;15/04/2015;31/12/9999
I5;AIR ASIA (INDIA) PRIVATE LIMITED;AIR ASIA (INDIA) PRIVATE LIMITED;01/06/2014;31/12/9999
I6;AIR INDUS (PRIVATE) LIMITED;AIR INDUS (PRIVATE) LIMITED;01/01/2012;31/12/9999
I8;IZHAVIA PUBLIC STOCK COMPANY;IZHAVIA PUBLIC STOCK COMPANY;01/05/2013;31/12/9999
I9;AIR ITALY SPA;AIR ITALY SPA;06/05/2016;31/12/9999
IA;IRAQI AIRWAYS;IRAQI AIRWAYS;01/05/2013;31/12/9999
IB;IBERIA LINEAS AEREAS DE ESPANA S.A. OPER;IBERIA LINEAS AEREAS DE ESPANA S.A. OPER;01/08/2011;31/12/9999
ID;PT. BATIK AIR INDONESIA;PT. BATIK AIR INDONESIA;01/02/2015;31/12/9999
IE;SOLOMON AIRLINES LIMITED;SOLOMON AIRLINES LIMITED;01/03/2014;31/12/9999
IF;GULF AND CARIBBEAN CARGO INC;GULF AND CARIBBEAN CARGO INC;01/08/2011;31/12/9999
IG;GLOBAL AVIATION;GLOBAL AVIATION;01/02/2025;31/12/9999
II;IBC AIRWAYS INC;IBC AIRWAYS INC;13/02/2002;31/12/9999
IJ;SPRING AIRLINES JAPAN CO. LTD.;SPRING AIRLINES JAPAN CO. LTD.;01/02/2014;31/12/9999
IK;AIR KIRIBATI LIMITED;AIR KIRIBATI LIMITED;03/02/2017;31/12/9999
IL;PT/ TRIGANA AIR SERVICE;PT/ TRIGANA AIR SERVICE;01/06/2014;31/12/9999
IM;JSC AIRCOMPANY ATMA;JSC AIRCOMPANY ATMA;01/06/2014;31/12/9999
IN;PT. NAM AIR;PT. NAM AIR;15/09/2015;31/12/9999
IO;CLOSED JOINT STOCK COMPANY IRAERO;CLOSED JOINT STOCK COMPANY IRAERO;01/12/2011;31/12/9999
IP;ORBEST ORIZONIA AIRLINES S.A.;ORBEST ORIZONIA AIRLINES S.A.;28/08/2012;31/12/9999
IQ;QAZAQ AIR JOINT STOCK COMPANY;QAZAQ AIR JOINT STOCK COMPANY;15/09/2015;31/12/9999
IR;IRAN AIR THE AIRLINE OF ISLAMIC REPUBLIC;IRAN AIR THE AIRLINE OF ISLAMIC REPUBLIC;01/08/2011;31/12/9999
IT;HITIT BILGISAYAR HIZMETLERI A.S.;HITIT BILGISAYAR HIZMETLERI A.S.;08/07/2016;31/12/9999
IU;SW ITALIA S.P.A.;SW ITALIA S.P.A.;26/03/2021;31/12/9999
IV;CASPIAN AIRLINES SERVICE COMPANY LTD.;CASPIAN AIRLINES SERVICE COMPANY LTD.;01/11/2013;31/12/9999
IW;PT. WINGS ABADI AIRLINES;PT. WINGS ABADI AIRLINES;01/02/2014;31/12/9999
IX;AIR INDIA CHARTERS LTD;AIR INDIA CHARTERS LTD;05/05/2017;31/12/9999
IY;YEMENIA - YEMEN AIRWAYS;YEMENIA - YEMEN AIRWAYS;01/08/2011;31/12/9999
IZ;ARKIA ISRAELI AIRLINES LTD;ARKIA ISRAELI AIRLINES LTD;01/08/2011;31/12/9999
J1;ONE JET INC.;ONE JET INC.;01/11/2014;31/12/9999
J2;AZERBAIJAN HAVA YOLLARI;AZERBAIJAN HAVA YOLLARI;01/01/1990;31/12/9999
J3;NORTHWESTERN AIR LEASE LTD;NORTHWESTERN AIR LEASE LTD;01/08/2011;31/12/9999
J4;BADR AIRLINES;BADR AIRLINES;01/03/2015;31/12/9999
J5;ALASKA SEAPLANE SERVICE LLC;ALASKA SEAPLANE SERVICE LLC;01/12/2011;31/12/9999
J6;JET OPS;JET OPS;15/04/2015;31/12/9999
J7;DENIM AIR ACMI B.V.;DENIM AIR ACMI B.V.;02/11/2010;31/12/9999
J8;BERJAYA AIR SDN BHD;BERJAYA AIR SDN BHD;01/08/2011;31/12/9999
J9;JAZEERA AIRWAYS;JAZEERA AIRWAYS;01/08/2011;31/12/9999
JC;JAL EXPRESS;JAL EXPRESS;01/05/2013;31/12/9999
JD;BEIJING CAPITAL AIRLINES CO LTD;BEIJING CAPITAL AIRLINES CO LTD;01/04/2010;31/12/9999
JE;MANGO AIRLINES (PTY) LTD TRADING AS MANG;MANGO AIRLINES (PTY) LTD TRADING AS MANG;15/06/2015;31/12/9999
JF;JET ASIA AIRWAYS COMPANY LIMITED DBA JET;JET ASIA AIRWAYS COMPANY LIMITED DBA JET;08/12/2016;31/12/9999
JG;JETGO AUSTRALIA HOLDINGS PTY LTD.;JETGO AUSTRALIA HOLDINGS PTY LTD.;01/11/2014;31/12/9999
JH;FUJI DREAM AIRLINES CO LTD;FUJI DREAM AIRLINES CO LTD;01/04/2009;31/12/9999
JI;JADE CARGO INTERNATIONAL COMPANY;JADE CARGO INTERNATIONAL COMPANY;01/04/2006;31/12/9999
JJ;TAM LINHAS AEREAS S.A. DBA LATAM AIRLINE;TAM LINHAS AEREAS S.A. DBA LATAM AIRLINE;06/05/2016;31/12/9999
JK;AEROLINEA DEL CARIBE S.A. DBA AERCARIBE;AEROLINEA DEL CARIBE S.A. DBA AERCARIBE;03/10/2023;31/12/9999
JL;JAPAN AIRLINES CO. LTD.;JAPAN AIRLINES CO. LTD.;01/08/2011;31/12/9999
JM;JAMBOJET LIMITED;JAMBOJET LIMITED;08/12/2016;31/12/9999
JN;JOON;JOON;01/08/2017;31/12/9999
JO;ROYAL WINGS;ROYAL WINGS;05/11/2016;31/12/9999
JP;ADRIA AIRWAYS D.O.O.;ADRIA AIRWAYS D.O.O.;04/11/2016;31/12/9999
JQ;JETSTAR AIRWAYS PTY LIMITED;JETSTAR AIRWAYS PTY LIMITED;14/10/2020;31/12/9999
JR;JOY AIR;JOY AIR;16/11/2010;31/12/9999
JS;AIR KORYO;AIR KORYO;01/08/2011;31/12/9999
JT;LION AIRLINES;LION AIRLINES;01/08/2011;31/12/9999
JU;AIR SERBIA BELGRADE;AIR SERBIA BELGRADE;01/12/2013;31/12/9999
JV;BEARSKIN LAKE AIR SERVICES LP;BEARSKIN LAKE AIR SERVICES LP;01/01/2012;31/12/9999
JW;VANILLA AIR INC.;VANILLA AIR INC.;01/12/2013;31/12/9999
JX;JETT8 AIRLINES CARGO PTE LTD;JETT8 AIRLINES CARGO PTE LTD;20/06/2007;31/12/9999
JY;INTERNCARIBBEAN AIRWAYS LTD;INTERNCARIBBEAN AIRWAYS LTD;01/02/2014;31/12/9999
JZ;JUBBA AIRWAYS;JUBBA AIRWAYS;08/12/2016;31/12/9999
K1;TOPAS CO LTD;TOPAS CO LTD;01/12/2005;31/12/9999
K3;SAC (K) LIMITED;SAC (K) LIMITED;06/10/2015;31/12/9999
K4;KALITTA AIR LLC;KALITTA AIR LLC;01/08/2011;31/12/9999
K5;ABAN AIR;ABAN AIR;01/08/2011;31/12/9999
K6;CAMBODIA ANGKOR AIR T/A CAMBODIA ANGKOR;CAMBODIA ANGKOR AIR T/A CAMBODIA ANGKOR;01/04/2013;31/12/9999
K7;AIR KBZ LTD.;AIR KBZ LTD.;01/09/2013;31/12/9999
K8;CARIBBEAN SUN AIRLINES INC.;CARIBBEAN SUN AIRLINES INC.;01/07/2012;31/12/9999
K9;KALITTA CHARTERS  LLC;KALITTA CHARTERS  LLC;01/08/2011;31/12/9999
KA;HONG KONG DRAGON AIRLINES LTD.;HONG KONG DRAGON AIRLINES LTD.;01/01/1990;31/12/9999
KB;DRUK AIR CORPORATION LTD;DRUK AIR CORPORATION LTD;01/01/1990;31/12/9999
KC;JSC AIR ASTANA;JSC AIR ASTANA;06/05/2016;31/12/9999
KD;WESTERN GLOBAL AIRLINES LLC;WESTERN GLOBAL AIRLINES LLC;01/08/2014;31/12/9999
KE;KOREAN AIR LINES CO. LTD.;KOREAN AIR LINES CO. LTD.;01/01/1990;31/12/9999
KF;AIR BELGIUM SA;AIR BELGIUM SA;26/03/2021;31/12/9999
KG;KEY LIME AIR CORPORATION;KEY LIME AIR CORPORATION;01/08/2011;31/12/9999
KH;AEKO KULA INC DBA ALOHA AIR CARGO;AEKO KULA INC DBA ALOHA AIR CARGO;01/08/2011;31/12/9999
KI;KAISER AIR INC.;KAISER AIR INC.;06/10/2015;31/12/9999
KJ;AIR INCHEON CO. LTD;AIR INCHEON CO. LTD;01/04/2013;31/12/9999
KK;ATLASGLOBAL;ATLASGLOBAL;01/07/2016;31/12/9999
KL;KLM ROYAL DUTCH AIRLINES;KLM ROYAL DUTCH AIRLINES;01/01/1990;31/12/9999
KM;KM MALTA AIRLINES LIMITED;KM MALTA AIRLINES LIMITED;31/03/2024;31/12/9999
KN;CHINA UNITED AIRLINES;CHINA UNITED AIRLINES;01/04/2010;31/12/9999
KO;OJSC KOMIAVIATRANS;OJSC KOMIAVIATRANS;15/09/2015;31/12/9999
KP;COMPAGNIE AERIENNE ASKY DBA ASKY;COMPAGNIE AERIENNE ASKY DBA ASKY;02/03/2012;31/12/9999
KQ;KENYA AIRWAYS;KENYA AIRWAYS;01/01/1990;31/12/9999
KS;PENAIR;PENAIR;01/01/1990;31/12/9999
KU;KUWAIT AIRWAYS;KUWAIT AIRWAYS;01/01/1990;31/12/9999
KV;SKY REGIONAL AIRLINES INC.;SKY REGIONAL AIRLINES INC.;08/07/2016;31/12/9999
KW;KUWAIT NATIONAL AIRWAYS (K.C.S.) T/A WAT;KUWAIT NATIONAL AIRWAYS (K.C.S.) T/A WAT;01/08/2011;31/12/9999
KX;CAYMAN AIRWAYS LIMITED;CAYMAN AIRWAYS LIMITED;01/08/2011;31/12/9999
KY;KUNMING AIRLINES;KUNMING AIRLINES;01/08/2011;31/12/9999
KZ;NIPPON CARGO AIRLINES;NIPPON CARGO AIRLINES;01/01/1990;31/12/9999
L2;LYNDEN AIR CARGO LLC;LYNDEN AIR CARGO LLC;01/01/1990;31/12/9999
L3;DHL DE GUATEMALA S.A.;DHL DE GUATEMALA S.A.;16/07/2004;31/12/9999
L5;ATLANTIQUE AIR ASSISTANCE;ATLANTIQUE AIR ASSISTANCE;15/06/2015;31/12/9999
L6;MAURITANIAN AIRLINES INTERNATIONAL;MAURITANIAN AIRLINES INTERNATIONAL;02/08/2011;31/12/9999
L7;LINEA AEREA CARGUERA DE COLOMBIA SA DBA;LINEA AEREA CARGUERA DE COLOMBIA SA DBA;06/05/2016;31/12/9999
L8;AFRIC AVIATION;AFRIC AVIATION;01/08/2014;31/12/9999
L9;BRISTOW U.S. LLC;BRISTOW U.S. LLC;01/08/2011;31/12/9999
LA;LATAM AIRLINES GROUP S.A. DBA LATAM AIRL;LATAM AIRLINES GROUP S.A. DBA LATAM AIRL;06/05/2016;31/12/9999
LD;AHK AIR HONG KONG LIMITED;AHK AIR HONG KONG LIMITED;01/01/1990;31/12/9999
LE;LAPARKAN AIRWAYS INC;LAPARKAN AIRWAYS INC;17/09/2003;31/12/9999
LF;CORPORATE FLIGHT MANAGEMENT INC;CORPORATE FLIGHT MANAGEMENT INC;08/01/2016;31/12/9999
LG;LUXAIR;LUXAIR;01/08/2011;31/12/9999
LH;DEUTSCHE LUFTHANSA AG;DEUTSCHE LUFTHANSA AG;02/01/1990;31/12/9999
LI;LIAT (1974) LTD.;LIAT (1974) LTD.;01/08/2011;31/12/9999
LJ;JIN AIR CO LTD;JIN AIR CO LTD;01/08/2011;31/12/9999
LK;KYRGYZ AIRLINES;KYRGYZ AIRLINES;01/09/2013;31/12/9999
LL;MIAMI AIR INTERNATIONAL;MIAMI AIR INTERNATIONAL;08/07/2013;31/12/9999
LM;LOGANAIR LIMITED;LOGANAIR LIMITED;31/03/2013;31/12/9999
LN;LIBYAN AIRLINES;LIBYAN AIRLINES;01/08/2011;31/12/9999
LO;LOT POLISH AIRLINES;LOT POLISH AIRLINES;01/01/1990;31/12/9999
LP;LAN PERU S.A. DBA LATAM AIRLINES PERU;LAN PERU S.A. DBA LATAM AIRLINES PERU;06/05/2016;31/12/9999
LQ;SKYNET ASIA AIRWAYS CO LTD;SKYNET ASIA AIRWAYS CO LTD;02/05/2008;31/12/9999
LR;LINEAS AEREAS COSTARRICENSES;LINEAS AEREAS COSTARRICENSES;01/08/2011;31/12/9999
LS;JET2.COM LIMITED;JET2.COM LIMITED;01/05/2014;31/12/9999
LT;LONGJIANG AIRLINES CO. LTD.;LONGJIANG AIRLINES CO. LTD.;08/07/2016;31/12/9999
LU;TRANSPORTE AEREO S.A. DBA LATAM AIRLINES;TRANSPORTE AEREO S.A. DBA LATAM AIRLINES;06/05/2016;31/12/9999
LV;OPENSKIES;OPENSKIES;01/09/2018;31/12/9999
LW;LATIN AMERICAN WINGS S.A.;LATIN AMERICAN WINGS S.A.;05/05/2017;31/12/9999
LX;SWISS INTERNATIONAL AIR LINES LTD DBA SW;SWISS INTERNATIONAL AIR LINES LTD DBA SW;01/08/2011;31/12/9999
LY;EL AL ISRAEL AIRLINES LTD.;EL AL ISRAEL AIRLINES LTD.;01/08/2011;31/12/9999
LZ;BELLE AIR COMPANY;BELLE AIR COMPANY;01/08/2011;31/12/9999
M0;AERO MONGOLIA;AERO MONGOLIA;01/11/2012;31/12/9999
M2;MHS AVIATION GMBH;MHS AVIATION GMBH;01/10/2012;31/12/9999
M3;NORTH FLYING A/S;NORTH FLYING A/S;01/02/2012;31/12/9999
M4;MISTRAL AIR SRL;MISTRAL AIR SRL;03/02/2017;31/12/9999
M5;AIR CARGO MONGOLIA LLC;AIR CARGO MONGOLIA LLC;01/09/2013;31/12/9999
M6;AMERIJET INTERNATIONAL INC;AMERIJET INTERNATIONAL INC;01/01/1990;31/12/9999
M7;S.A. DE C.V. DBA LATAM CARGO MEXICO;S.A. DE C.V. DBA LATAM CARGO MEXICO;06/05/2016;31/12/9999
M8;MAGNUM. AIR INC DBA SKYJET;MAGNUM. AIR INC DBA SKYJET;01/07/2014;31/12/9999
M9;MOTOR SICH JSC;MOTOR SICH JSC;27/07/2000;31/12/9999
MA;MALEV HUNGARIAN AIRLINES LIMITED;MALEV HUNGARIAN AIRLINES LIMITED;01/08/2011;31/12/9999
MB;MNG HAVAYOLLARI TASIMACILIK AS;MNG HAVAYOLLARI TASIMACILIK AS;03/02/2017;31/12/9999
MC;AIR MOBILITY COMMAND;AIR MOBILITY COMMAND;01/01/1990;31/12/9999
MD;MADAGASCAR AIRLINES DBA MADAGASCAR AIRLI;MADAGASCAR AIRLINES DBA MADAGASCAR AIRLI;07/08/2024;31/12/9999
ME;MIDDLE EAST AIRLINES AIRLIBAN;MIDDLE EAST AIRLINES AIRLIBAN;01/08/2011;31/12/9999
MF;XIAMEN AIRLINES;XIAMEN AIRLINES;01/08/2011;31/12/9999
MG;MIAMI AIR LEASE INC.;MIAMI AIR LEASE INC.;01/08/2011;31/12/9999
MH;MALAYSIA AIRLINES BERHAD;MALAYSIA AIRLINES BERHAD;08/01/2016;31/12/9999
MI;SILKAIR (S) PTE.LTD.;SILKAIR (S) PTE.LTD.;01/08/2011;31/12/9999
MJ;MIHIN LANKA PVT LTD;MIHIN LANKA PVT LTD;02/08/2011;31/12/9999
MK;AIR MAURITIUS LTD;AIR MAURITIUS LTD;01/07/2014;31/12/9999
ML;AIR MEDITERRANEE;AIR MEDITERRANEE;01/05/2012;31/12/9999
MM;PEACH AVIATION LIMITED;PEACH AVIATION LIMITED;01/12/2011;31/12/9999
MN;COMAIR LTD.;COMAIR LTD.;01/08/2011;31/12/9999
MO;CALM AIR INTERNATIONAL LTD.;CALM AIR INTERNATIONAL LTD.;01/07/2012;31/12/9999
MP;MARTINAIR HOLLAND N.V.;MARTINAIR HOLLAND N.V.;01/11/2011;31/12/9999
MQ;ENVOY AIR INC.;ENVOY AIR INC.;01/04/2014;31/12/9999
MR;HUNNU AIR LLC;HUNNU AIR LLC;01/06/2013;31/12/9999
MS;EGYPTAIR;EGYPTAIR;01/08/2011;31/12/9999
MT;THOMAS COOK AIRLINES LIMITED OF MANCHEST;THOMAS COOK AIRLINES LIMITED OF MANCHEST;01/08/2011;31/12/9999
MU;CHINA EASTERN AIRLINES;CHINA EASTERN AIRLINES;01/08/2011;31/12/9999
MV;AIR MEDITERRANEAN;AIR MEDITERRANEAN;03/03/2017;31/12/9999
MW;MOKULELE FLIGHT SERVICE;MOKULELE FLIGHT SERVICE;02/08/2008;31/12/9999
MX;BREEZE AIRWAYS;BREEZE AIRWAYS;01/02/2025;31/12/9999
MY;MASWINGS SDN BHD;MASWINGS SDN BHD;05/08/2016;31/12/9999
MZ;AMAKUSA AIRLINES;AMAKUSA AIRLINES;09/11/2015;31/12/9999
N0;NORSE ATLANTIC AIRWAYS;NORSE ATLANTIC AIRWAYS;18/09/2023;31/12/9999
N1;NEXTRES AB;NEXTRES AB;01/01/2009;31/12/9999
N4;LLC NORD WIND;LLC NORD WIND;01/05/2013;31/12/9999
N5;LES INVESTISSEMENTS NOLINOR INC;LES INVESTISSEMENTS NOLINOR INC;08/01/2016;31/12/9999
N7;NORDIC REGIONAL AIRLINES;NORDIC REGIONAL AIRLINES;03/09/2015;31/12/9999
N8;NATIONAL AIR CARGO GROUP INC. DBA NATION;NATIONAL AIR CARGO GROUP INC. DBA NATION;01/08/2011;31/12/9999
N9;NOVA AIRLINES AB;NOVA AIRLINES AB;01/08/2011;31/12/9999
NA;NESMA AIRLINES COMPANY LTD;NESMA AIRLINES COMPANY LTD;05/08/2016;31/12/9999
NB;SKYPOWER EXPRESS AIRWAYS LTD.;SKYPOWER EXPRESS AIRWAYS LTD.;01/07/2012;31/12/9999
NC;NORTHERN AIR CARGO INC.;NORTHERN AIR CARGO INC.;01/08/2011;31/12/9999
NE;NESMA AIRLINES;NESMA AIRLINES;01/08/2014;31/12/9999
NF;AIR VANUATU OPERATIONS LIMITED;AIR VANUATU OPERATIONS LIMITED;01/01/1990;31/12/9999
NH;ALL NIPPON AIRWAYS CO. LTD.;ALL NIPPON AIRWAYS CO. LTD.;01/01/1990;31/12/9999
NI;PORTUGALIA- COMPANHIA PORTUGUESE DE TRAN;PORTUGALIA- COMPANHIA PORTUGUESE DE TRAN;01/08/2011;31/12/9999
NJ;NIGER AIRWAYS;NIGER AIRWAYS;08/07/2016;31/12/9999
NK;SPIRIT AIRLINES;SPIRIT AIRLINES;01/02/2025;31/12/9999
NL;AERO4M;AERO4M;27/05/2021;31/12/9999
NN;VIM AIRLINES;VIM AIRLINES;01/08/2011;31/12/9999
NO;NEOS S.P.A.;NEOS S.P.A.;19/11/2013;31/12/9999
NP;NILE AIR;NILE AIR;01/10/2009;31/12/9999
NQ;AIR JAPAN COMPANY LTD;AIR JAPAN COMPANY LTD;01/08/2010;31/12/9999
NS;HEBEI AIRLINES CO LTD;HEBEI AIRLINES CO LTD;01/06/2010;31/12/9999
NT;BINTER CANARIAS;BINTER CANARIAS;01/01/1990;31/12/9999
NU;JAPAN TRANSOCEAN AIR CO.LTD;JAPAN TRANSOCEAN AIR CO.LTD;01/08/2011;31/12/9999
NV;IRANIAN NAFT AIRLINE;IRANIAN NAFT AIRLINE;01/07/2012;31/12/9999
NX;AIR MACAU COMPANY LIMITED;AIR MACAU COMPANY LIMITED;02/08/2011;31/12/9999
NY;FLUGFELAG ISLANDS EHF DBA AIR ICELAND;FLUGFELAG ISLANDS EHF DBA AIR ICELAND;01/03/2012;31/12/9999
NZ;AIR NEW ZEALAND LIMITED;AIR NEW ZEALAND LIMITED;01/01/1990;31/12/9999
O2;AIRDIALOG LCC;AIRDIALOG LCC;07/04/2017;31/12/9999
O3;SF AIRLINES COMPANY LIMITED;SF AIRLINES COMPANY LIMITED;01/07/2011;31/12/9999
O6;OCEANAIR LINHAS AEREAS LTDA;OCEANAIR LINHAS AEREAS LTDA;01/12/2005;31/12/9999
O9;NOVA AIRWAYS CO.;NOVA AIRWAYS CO.;05/08/2016;31/12/9999
OA;OLYMPIC AIR;OLYMPIC AIR;01/09/2009;31/12/9999
OB;BOLIVIANA DE AVIACION;BOLIVIANA DE AVIACION;01/12/2014;31/12/9999
OC;ORIENTAL AIR BRIDGE CO. LTD.;ORIENTAL AIR BRIDGE CO. LTD.;01/03/2012;31/12/9999
OD;MALINDO AIRWAYS SDN BHD (MALINDO AIR);MALINDO AIRWAYS SDN BHD (MALINDO AIR);01/04/2013;31/12/9999
OF;OVERLAND AIRWAYS LIMITED;OVERLAND AIRWAYS LIMITED;02/09/2016;31/12/9999
OH;PSA AIRLINES INC. (US AIRWAYS EXPRESS);PSA AIRLINES INC. (US AIRWAYS EXPRESS);02/01/2015;31/12/9999
OI;HINTERLAND AVIATION PTY LTD;HINTERLAND AVIATION PTY LTD;01/04/2014;31/12/9999
OJ;FLY JAMAICA AIRWAYS;FLY JAMAICA AIRWAYS;01/12/2013;31/12/9999
OK;CZECH AIRLINES A.S. CSA;CZECH AIRLINES A.S. CSA;01/08/2011;31/12/9999
OL;POLYNESIAN LIMITED;POLYNESIAN LIMITED;15/09/2015;31/12/9999
OM;MIAT MONGOLIAN AIRLINES;MIAT MONGOLIAN AIRLINES;01/01/1990;31/12/9999
ON;NAURU AIR CORPORATION T/A OUR AIRLINE;NAURU AIR CORPORATION T/A OUR AIRLINE;03/11/2006;31/12/9999
OO;SKYWEST AIRLINES;SKYWEST AIRLINES;06/10/2015;31/12/9999
OQ;CHONGQING AIRLINES;CHONGQING AIRLINES;01/07/2012;31/12/9999
OR;TUI AIRLINES NEDERLAND B V;TUI AIRLINES NEDERLAND B V;01/08/2011;31/12/9999
OS;AUSTRIAN AIRLINES AG DBA AUSTRIAN;AUSTRIAN AIRLINES AG DBA AUSTRIAN;01/05/2010;31/12/9999
OU;CROATIA AIRLINES;CROATIA AIRLINES;01/01/1990;31/12/9999
OV;SALAM AIR;SALAM AIR;08/12/2016;31/12/9999
OW;SKYWARD EXPRESS;SKYWARD EXPRESS;08/07/2016;31/12/9999
OX;ORIENT THAI AIRLINES;ORIENT THAI AIRLINES;01/09/2002;31/12/9999
OY;OMNI AIR INTERNATIONAL INC.;OMNI AIR INTERNATIONAL INC.;02/08/2011;31/12/9999
OZ;ASIANA AIRLINES;ASIANA AIRLINES;01/01/1990;31/12/9999
P0;PROFLIGHT COMMUTER SERVICES LTD;PROFLIGHT COMMUTER SERVICES LTD;15/11/2010;31/12/9999
P1;AVIATION TECHNOLOGIES INC. DBA PUBLICCHA;AVIATION TECHNOLOGIES INC. DBA PUBLICCHA;01/08/2011;31/12/9999
P2;AIRKENYA EXPRESS LIMITED;AIRKENYA EXPRESS LIMITED;01/11/2011;31/12/9999
P3;CARGOLOGICAIR LTD;CARGOLOGICAIR LTD;08/01/2016;31/12/9999
P4;AIR PEACE LIMITED;AIR PEACE LIMITED;05/10/2016;31/12/9999
P5;AERO REPUBLICA S.A;AERO REPUBLICA S.A;01/01/1990;31/12/9999
P6;PRIVILEGE STYLE S.A.;PRIVILEGE STYLE S.A.;21/02/2018;31/12/9999
P7;SMALL PLANET AIRLINE SP. Z.O.O.;SMALL PLANET AIRLINE SP. Z.O.O.;01/07/2012;31/12/9999
P8;MEKONG AVIATION JSC (AIR MEKONG);MEKONG AVIATION JSC (AIR MEKONG);01/02/2012;31/12/9999
P9;PERUVIAN AIR LINE S.A.C.;PERUVIAN AIR LINE S.A.C.;15/09/2015;31/12/9999
PA;M/S AIRBLUE (PVT) LTD;M/S AIRBLUE (PVT) LTD;01/04/2013;31/12/9999
PB;PROVINCIAL AIRLINES;PROVINCIAL AIRLINES;01/08/2011;31/12/9999
PC;PEGASUS HAVA TASIMACILIGI A.S.;PEGASUS HAVA TASIMACILIGI A.S.;04/02/2014;31/12/9999
PD;PORTER AIRLINES INC;PORTER AIRLINES INC;01/03/2012;31/12/9999
PE;ALTENRHEIN LUFTFAHRT GMBH;ALTENRHEIN LUFTFAHRT GMBH;01/08/2012;31/12/9999
PF;M/S AIR SIAL LTD;M/S AIR SIAL LTD;02/02/2025;31/12/9999
PG;BANGKOK AIRWAYS PUBLIC COMPANY LIMITED;BANGKOK AIRWAYS PUBLIC COMPANY LIMITED;01/05/2013;31/12/9999
PH;PHOENIX AIR GROUP INC;PHOENIX AIR GROUP INC;01/11/2010;31/12/9999
PJ;AIR SAINT PIERRE;AIR SAINT PIERRE;01/08/2011;31/12/9999
PK;PAKISTAN INTERNATIONAL AIRLINES;PAKISTAN INTERNATIONAL AIRLINES;01/01/1990;31/12/9999
PL;SOUTHERN AIR CHARTER CO LIMITED;SOUTHERN AIR CHARTER CO LIMITED;23/06/2005;31/12/9999
PM;CANARY FLY S.A.;CANARY FLY S.A.;01/11/2013;31/12/9999
PN;CHINA WEST AIR CO. LTD.;CHINA WEST AIR CO. LTD.;01/08/2011;31/12/9999
PO;POLAR AIR CARGO WORLDWIDE INC;POLAR AIR CARGO WORLDWIDE INC;01/08/2011;31/12/9999
PP;JET AVIATION BUSINESS JETS AG;JET AVIATION BUSINESS JETS AG;01/01/2002;31/12/9999
PQ;AIRASIA INC.;AIRASIA INC.;01/07/2012;31/12/9999
PR;PHILIPPINE AIRLINES INC;PHILIPPINE AIRLINES INC;01/01/1990;31/12/9999
PS;UKRAINE INTERNATIONAL AIRLINES;UKRAINE INTERNATIONAL AIRLINES;01/01/1990;31/12/9999
PT;PIEDMONT AIRLINES INC (US AIRWAYS EXPRES;PIEDMONT AIRLINES INC (US AIRWAYS EXPRES;02/03/2015;31/12/9999
PU;PLUS ULTRA LINEAS AEREAS S.A.;PLUS ULTRA LINEAS AEREAS S.A.;15/09/2015;31/12/9999
PV;PRIVATAIR SA;PRIVATAIR SA;01/04/2013;31/12/9999
PW;PRECISION AIR SERVICES LTD;PRECISION AIR SERVICES LTD;01/01/1991;31/12/9999
PX;AIR NIUGINI PTY LILITED DBA AIR NIUGINI;AIR NIUGINI PTY LILITED DBA AIR NIUGINI;01/08/2011;31/12/9999
PY;SURINAM AIRWAYS LTD.;SURINAM AIRWAYS LTD.;01/01/1990;31/12/9999
PZ;T.A.M. SA DBA LATAM AIRLINES PARAGUAY;T.A.M. SA DBA LATAM AIRLINES PARAGUAY;06/05/2016;31/12/9999
Q1;PT SQIVA SISTEM;PT SQIVA SISTEM;18/09/2007;31/12/9999
Q2;ISLAND AVIATION SERVICES LTD;ISLAND AVIATION SERVICES LTD;01/09/2009;31/12/9999
Q3;ANGUILLA AIR SERVICE LTD;ANGUILLA AIR SERVICE LTD;01/08/2011;31/12/9999
Q4;AMIRI FLIGHT;AMIRI FLIGHT;01/08/2011;31/12/9999
Q5;40-MILE AIR LTD;40-MILE AIR LTD;01/08/2011;31/12/9999
Q6;SKYTRANS REGIONAL PTY LTD.;SKYTRANS REGIONAL PTY LTD.;01/08/2011;31/12/9999
Q7;SWIFT AIR L L C;SWIFT AIR L L C;01/05/2012;31/12/9999
Q9;SKY JET M.G. INC.;SKY JET M.G. INC.;01/07/2012;31/12/9999
QA;CIMBER A/S;CIMBER A/S;01/08/2012;31/12/9999
QB;QESHM AIR;QESHM AIR;01/11/2013;31/12/9999
QC;CAMEROON AIRLINES CORPORATION (CAMAIR-CO;CAMEROON AIRLINES CORPORATION (CAMAIR-CO;01/08/2011;31/12/9999
QD;DOBROLET LLC;DOBROLET LLC;01/06/2014;31/12/9999
QE;EXPRESS FREIGHTERS AUSTRALIA PTY;EXPRESS FREIGHTERS AUSTRALIA PTY;07/04/2017;31/12/9999
QF;QANTAS AIRWAYS LTD;QANTAS AIRWAYS LTD;01/01/1990;31/12/9999
QG;PT. CITILINK INDONESIA;PT. CITILINK INDONESIA;01/07/2012;31/12/9999
QH;OJSC AIR KYRGYZSTAN;OJSC AIR KYRGYZSTAN;01/05/2014;31/12/9999
QI;CIMBER STERLING A/S;CIMBER STERLING A/S;01/08/2012;31/12/9999
QJ;JET AIRWAYS INC.;JET AIRWAYS INC.;02/01/1990;31/12/9999
QK;JAZZ AVIATION LP;JAZZ AVIATION LP;01/09/2011;31/12/9999
QL;LINEA AEREA DE SERVICIO EJECUTIVO;LINEA AEREA DE SERVICIO EJECUTIVO;01/08/2011;31/12/9999
QM;MONACAIR;MONACAIR;08/01/2016;31/12/9999
QN;AIR ARMENIA;AIR ARMENIA;01/07/2009;31/12/9999
QO;QUIKJET CARGO AIRLINES PVT. LTD;QUIKJET CARGO AIRLINES PVT. LTD;01/08/2012;31/12/9999
QP;STARLIGHT AIRLINE;STARLIGHT AIRLINE;02/05/2008;31/12/9999
QQ;ALLIANCE AIRLINES PTY. LIMITED;ALLIANCE AIRLINES PTY. LIMITED;01/04/2014;31/12/9999
QR;QATAR AIRWAYS  QCSC;QATAR AIRWAYS  QCSC;01/01/1990;31/12/9999
QS;TRAVEL SERVICE A.S.;TRAVEL SERVICE A.S.;01/08/2011;31/12/9999
QT;TAMPA CARGO S.A.S;TAMPA CARGO S.A.S;01/11/2014;31/12/9999
QU;AZUR AIR UKRAINE AIRLINES LLC;AZUR AIR UKRAINE AIRLINES LLC;03/03/2017;31/12/9999
QV;LAO AIRLINES;LAO AIRLINES;01/01/1990;31/12/9999
QW;QINGDAO AIRLINES CO. LTD;QINGDAO AIRLINES CO. LTD;01/02/2014;31/12/9999
QX;HORIZON AIR INDUSTRIES INC.;HORIZON AIR INDUSTRIES INC.;01/02/2012;31/12/9999
QY;EUROPEAN AIR TRANSPORT LEIPZIG GMBH;EUROPEAN AIR TRANSPORT LEIPZIG GMBH;01/08/2011;31/12/9999
QZ;PT INDONESIA AIRASIA;PT INDONESIA AIRASIA;01/03/2012;31/12/9999
R1;ZAPWAYS INC.;ZAPWAYS INC.;01/07/2012;31/12/9999
R3;JOINT STOCK COMPANY AIRCOMPANY YAKUTIA;JOINT STOCK COMPANY AIRCOMPANY YAKUTIA;08/03/2005;31/12/9999
R4;RELIABLE UNIQUE SERVICES AVIATION LLC;RELIABLE UNIQUE SERVICES AVIATION LLC;01/08/2011;31/12/9999
R5;JORDAN AVIATION;JORDAN AVIATION;01/09/2006;31/12/9999
R6;DAT;DAT;17/03/2023;31/12/9999
R7;CHEP AEROSPACE SOLUTIONS SWITZERLAND;CHEP AEROSPACE SOLUTIONS SWITZERLAND;01/05/2013;31/12/9999
R9;SUASA AIRLINES SDN BHD;SUASA AIRLINES SDN BHD;02/09/2016;31/12/9999
RA;NEPAL AIRLINES CORPORATION;NEPAL AIRLINES CORPORATION;01/04/2009;31/12/9999
RB;SYRIAN ARAB AIRLINES;SYRIAN ARAB AIRLINES;01/01/1990;31/12/9999
RC;ATLANTIC AIRWAYS FAROE ISLANDS P/F;ATLANTIC AIRWAYS FAROE ISLANDS P/F;01/06/2013;31/12/9999
RD;COMMANDEMENT DES FORCES AERIENNES;COMMANDEMENT DES FORCES AERIENNES;01/06/2013;31/12/9999
RE;STOBART AIR (COMHFORTBAIRT GAILLIMH);STOBART AIR (COMHFORTBAIRT GAILLIMH);01/08/2014;31/12/9999
RF;FLORIDA WEST INTERNATIONAL AIRWAYS INC;FLORIDA WEST INTERNATIONAL AIRWAYS INC;02/01/1990;31/12/9999
RG;ROTANA JET AVIATION DBA ROTANA JET;ROTANA JET AVIATION DBA ROTANA JET;01/03/2012;31/12/9999
RH;HONG KONG AIR CARGO CARRIER LIMITED;HONG KONG AIR CARGO CARRIER LIMITED;07/04/2017;31/12/9999
RI;TICA AIRE INTERNATIONAL (AIR COSTA RICA);TICA AIRE INTERNATIONAL (AIR COSTA RICA);02/09/2016;31/12/9999
RJ;ROYAL JORDANIAN;ROYAL JORDANIAN;01/01/1990;31/12/9999
RL;ROYAL FALCON;ROYAL FALCON;01/08/2011;31/12/9999
RM;AIRCOMPANY ARMENIA LLC;AIRCOMPANY ARMENIA LLC;01/04/2019;31/12/9999
RN;RYAN INTERNATIONAL AIRLINES;RYAN INTERNATIONAL AIRLINES;01/11/2011;31/12/9999
RO;TAROM;TAROM;01/05/2014;31/12/9999
RQ;KAM AIR;KAM AIR;01/11/2011;31/12/9999
RS;AIR SEOUL INC;AIR SEOUL INC;09/07/2016;31/12/9999
RU;AIRBRIDGECARGO AIRLINES LIMITED;AIRBRIDGECARGO AIRLINES LIMITED;01/08/2011;31/12/9999
RV;8165343 CANADA INC. DBA AIR CANADA ROUGE;8165343 CANADA INC. DBA AIR CANADA ROUGE;01/06/2013;31/12/9999
RX;HG AVIATION LIMITED DBA REGENT AIRWAYS;HG AVIATION LIMITED DBA REGENT AIRWAYS;01/08/2011;31/12/9999
RY;JIANGXI AIR COMPANY LIMITED;JIANGXI AIR COMPANY LIMITED;09/11/2015;31/12/9999
RZ;SERVICIOS AEREOS NACIONALES S.A. SANSA;SERVICIOS AEREOS NACIONALES S.A. SANSA;07/07/2015;31/12/9999
S1;LUFTHANSA SYSTEMS GMBH AND CO. KG;LUFTHANSA SYSTEMS GMBH AND CO. KG;02/09/2016;31/12/9999
S2;JET LITE INDIA LIMITED;JET LITE INDIA LIMITED;01/08/2011;31/12/9999
S3;SATCO INC.;SATCO INC.;26/03/2021;31/12/9999
S4;SATA INTERNATIONAL SERVICOS E TRANSPORTE;SATA INTERNATIONAL SERVICOS E TRANSPORTE;01/08/2011;31/12/9999
S5;SMALL PLANET AIRLINES UAB;SMALL PLANET AIRLINES UAB;01/01/2012;31/12/9999
S6;SUNRISE AIRWAYS S.A.;SUNRISE AIRWAYS S.A.;01/04/2013;31/12/9999
S7;SIBERIA AIRLINES PJSC;SIBERIA AIRLINES PJSC;07/07/2015;31/12/9999
S8;SOUNDS AIR TRAVEL AND TOURISM LTD.;SOUNDS AIR TRAVEL AND TOURISM LTD.;01/01/2015;31/12/9999
S9;AERO SURVEYS LTD T/A STARBOW;AERO SURVEYS LTD T/A STARBOW;01/10/2012;31/12/9999
SA;SOUTH AFRICAN AIRWAYS;SOUTH AFRICAN AIRWAYS;01/08/2011;31/12/9999
SB;AIR CALEDONIE INTERNATIONAL;AIR CALEDONIE INTERNATIONAL;01/08/2011;31/12/9999
SC;SHANDONG AIRLINES;SHANDONG AIRLINES;01/08/2011;31/12/9999
SD;SUDAN AIRWAYS CO. LTD.;SUDAN AIRWAYS CO. LTD.;01/08/2011;31/12/9999
SE;XL AIRWAYS FRANCE;XL AIRWAYS FRANCE;01/11/2006;31/12/9999
SF;TASSILI AIRLINES;TASSILI AIRLINES;01/08/2011;31/12/9999
SG;SPICEJET LTD.;SPICEJET LTD.;01/08/2011;31/12/9999
SH;STRATEGIC AIRLINES S.A.;STRATEGIC AIRLINES S.A.;01/02/2011;31/12/9999
SI;BLUE ISLANDS LIMITED;BLUE ISLANDS LIMITED;01/01/2012;31/12/9999
SJ;PT.SRIWIJAYA AIR;PT.SRIWIJAYA AIR;01/08/2011;31/12/9999
SK;SCANDINAVIAN AIRLINES SYSTEM (SAS);SCANDINAVIAN AIRLINES SYSTEM (SAS);01/08/2011;31/12/9999
SL;THAI LION MENTARI CO. LTD.;THAI LION MENTARI CO. LTD.;01/02/2014;31/12/9999
SM;AIR CAIRO;AIR CAIRO;01/03/2012;31/12/9999
SN;BRUSSELS AIRLINES N V;BRUSSELS AIRLINES N V;01/06/2008;31/12/9999
SO;APEX AIRLINE PUBLIC COMPANY LIMITED;APEX AIRLINE PUBLIC COMPANY LIMITED;01/03/2015;31/12/9999
SP;SATA AIR ACORES;SATA AIR ACORES;01/08/2011;31/12/9999
SQ;SINGAPORE AIRLINES CARGO PTE. LTD.;SINGAPORE AIRLINES CARGO PTE. LTD.;01/08/2011;31/12/9999
SS;CORSAIR T/A CORSAIR INTERNATIONAL;CORSAIR T/A CORSAIR INTERNATIONAL;01/11/2012;31/12/9999
ST;GERMANIA FLUGGESSELLSCHAFT MBH;GERMANIA FLUGGESSELLSCHAFT MBH;01/07/2012;31/12/9999
SU;PJSC AEROFLOT;PJSC AEROFLOT;07/07/2015;31/12/9999
SV;SAUDI ARABIAN AIRLINES;SAUDI ARABIAN AIRLINES;01/08/2011;31/12/9999
SX;SKYWORK AIRLINES AG;SKYWORK AIRLINES AG;01/11/2012;31/12/9999
SY;MN AIRLINES LLC;MN AIRLINES LLC;01/03/2007;31/12/9999
SZ;AIRCOMPANY SOMON AIR LLC;AIRCOMPANY SOMON AIR LLC;01/05/2013;31/12/9999
T0;TRANS AMERICAN AIRLINES S.A. TACA PERU;TRANS AMERICAN AIRLINES S.A. TACA PERU;01/08/2011;31/12/9999
T1;TIK SYSTEMS  THAILAND CO LTD;TIK SYSTEMS  THAILAND CO LTD;01/02/2007;31/12/9999
T2;AIRTANKER SERVICES LIMITED;AIRTANKER SERVICES LIMITED;01/04/2013;31/12/9999
T3;AIR KILROE LTD T/A EASTERN AIRWAYS;AIR KILROE LTD T/A EASTERN AIRWAYS;19/03/2025;31/12/9999
T4;RHOADES AVIATION INC.;RHOADES AVIATION INC.;01/01/2015;31/12/9999
T5;TURKMENISTAN AIRLINES;TURKMENISTAN AIRLINES;01/08/2019;31/12/9999
T6;ISLAND TRANSVOYAGER INC;ISLAND TRANSVOYAGER INC;06/10/2015;31/12/9999
T7;TRANSCARGA INTERNATIONAL AIRWAYS C.A.;TRANSCARGA INTERNATIONAL AIRWAYS C.A.;01/08/2011;31/12/9999
T8;MCS AEROCARGA DE MEXICO S.A. DE C.V;MCS AEROCARGA DE MEXICO S.A. DE C.V;15/09/2015;31/12/9999
TA;TACA INTERNATIONAL  AIRLINES S.A.;TACA INTERNATIONAL  AIRLINES S.A.;01/08/2011;31/12/9999
TB;TUI AIRLINES BELGIUM T/A JETAIRFLY;TUI AIRLINES BELGIUM T/A JETAIRFLY;01/03/2014;31/12/9999
TC;AIR TANZANIA COMPANY LTD;AIR TANZANIA COMPANY LTD;26/05/2009;31/12/9999
TD;ATLANTIS EUROPEAN AIRWAYS;ATLANTIS EUROPEAN AIRWAYS;23/12/2002;31/12/9999
TE;SKY TAXI SP. Z.O.O.;SKY TAXI SP. Z.O.O.;01/01/2012;31/12/9999
TF;BRAATHENS REGIONAL AIRWAYS AB;BRAATHENS REGIONAL AIRWAYS AB;28/03/2023;31/12/9999
TG;THAI AIRWAYS INTERNATIONAL PUBLIC COMPAN;THAI AIRWAYS INTERNATIONAL PUBLIC COMPAN;01/08/2011;31/12/9999
TH;RAYA AIRWAYS SDN. BHD. DBA RAYA AIRWAYS;RAYA AIRWAYS SDN. BHD. DBA RAYA AIRWAYS;01/10/2014;31/12/9999
TI;TROPIC OCEAN AIRWAYS LLC;TROPIC OCEAN AIRWAYS LLC;05/05/2017;31/12/9999
TJ;TRADEWIND AVIATION LLC;TRADEWIND AVIATION LLC;08/01/2016;31/12/9999
TK;TURKISH AIRLINES INC.;TURKISH AIRLINES INC.;01/08/2011;31/12/9999
TL;CAPITEQ LIMITED DBA AIRNORTH;CAPITEQ LIMITED DBA AIRNORTH;01/08/2011;31/12/9999
TM;LAM-LINHAS AEREAS DE MOCAMBIQUE;LAM-LINHAS AEREAS DE MOCAMBIQUE;01/01/1990;31/12/9999
TN;AIR TAHITI NUI;AIR TAHITI NUI;01/01/1990;31/12/9999
TO;TRANSAVIA FRANCE;TRANSAVIA FRANCE;01/04/2016;31/12/9999
TP;TAP PORTUGAL;TAP PORTUGAL;01/05/2013;31/12/9999
TR;TIGER AIRWAYS SINGAPORE PTE. LTD;TIGER AIRWAYS SINGAPORE PTE. LTD;03/02/2017;31/12/9999
TS;AIR TRANSAT;AIR TRANSAT;01/01/1990;31/12/9999
TT;TIGER AIRWAYS AUSTRALIA;TIGER AIRWAYS AUSTRALIA;01/03/2010;31/12/9999
TU;TUNISAIR;TUNISAIR;01/08/2011;31/12/9999
TV;TIBET AIRLINES CORPORATION LIMITED;TIBET AIRLINES CORPORATION LIMITED;01/07/2011;31/12/9999
TW;TWAY AIR CO. LTD.;TWAY AIR CO. LTD.;01/12/2011;31/12/9999
TX;AIR CARAIBES;AIR CARAIBES;01/08/2011;31/12/9999
TY;AIR CALEDONIE;AIR CALEDONIE;01/01/1990;31/12/9999
U1;VIDECOM INTERNATIONAL LIMITED;VIDECOM INTERNATIONAL LIMITED;01/08/2011;31/12/9999
U2;EASYJET AIRLINE COMPANY LIMITED;EASYJET AIRLINE COMPANY LIMITED;01/08/2011;31/12/9999
U3;AIR COMPANY SKY GATES AIRLINES;AIR COMPANY SKY GATES AIRLINES;05/10/2016;31/12/9999
U4;BUDDHA AIR PVT LTD;BUDDHA AIR PVT LTD;01/04/2010;31/12/9999
U5;KARINOU AIRLINES;KARINOU AIRLINES;01/06/2013;31/12/9999
U6;JOINT STOCK COMPANY URAL AIRLINES;JOINT STOCK COMPANY URAL AIRLINES;01/10/2012;31/12/9999
U7;UNIWORLD AIR CARGO CORP.;UNIWORLD AIR CARGO CORP.;15/04/2015;31/12/9999
U8;TUS AIRWAYS;TUS AIRWAYS;08/07/2016;31/12/9999
U9;OJSC AIRCOMPANY TATARSTAN;OJSC AIRCOMPANY TATARSTAN;01/08/2011;31/12/9999
UA;UNITED AIRLINES INC.;UNITED AIRLINES INC.;01/01/1990;31/12/9999
UB;MYANMAR NATIONAL AIRLINES;MYANMAR NATIONAL AIRLINES;15/04/2015;31/12/9999
UC;LAN CHILE CARGO S.A. DBA LATAM CARGO CHI;LAN CHILE CARGO S.A. DBA LATAM CARGO CHI;06/05/2016;31/12/9999
UD;HEX AIR;HEX AIR;01/01/1990;31/12/9999
UE;ULTIMATE JETCHARTERS LLC DBA ULTIMATE AI;ULTIMATE JETCHARTERS LLC DBA ULTIMATE AI;01/01/2015;31/12/9999
UF;UKRAINIAN MEDITERRANEAN AIRLINES LTD.;UKRAINIAN MEDITERRANEAN AIRLINES LTD.;01/08/2011;31/12/9999
UG;TUNISAIR EXPRESS;TUNISAIR EXPRESS;01/01/2012;31/12/9999
UH;AIRCOMPANY ATLASJET UKRAINE LIMITED;AIRCOMPANY ATLASJET UKRAINE LIMITED;01/04/2014;31/12/9999
UI;AURIC AIR SERVICES LIMITED;AURIC AIR SERVICES LIMITED;01/02/2014;31/12/9999
UJ;ALMASRIA UNIVERSAL AIRLINES;ALMASRIA UNIVERSAL AIRLINES;01/08/2012;31/12/9999
UK;TATA SIA AIRLINES LIMITED DBA VISTARA;TATA SIA AIRLINES LIMITED DBA VISTARA;01/05/2015;31/12/9999
UL;SRI LANKAN AIRLINES LIMITED;SRI LANKAN AIRLINES LIMITED;01/08/2011;31/12/9999
UM;AIR ZIMBABWE (PVT) LTD;AIR ZIMBABWE (PVT) LTD;01/04/2014;31/12/9999
UO;HONG KONG EXPRESS AIRWAYS LIMITED;HONG KONG EXPRESS AIRWAYS LIMITED;30/12/2004;31/12/9999
UP;BAHAMASAIR HOLDINGS LIMITED;BAHAMASAIR HOLDINGS LIMITED;01/08/2011;31/12/9999
UQ;URUMQI AIRLINES CO. LTD.;URUMQI AIRLINES CO. LTD.;01/08/2014;31/12/9999
UT;UTAIR AVIATION JOINT STOCK COMPANY;UTAIR AVIATION JOINT STOCK COMPANY;01/08/2011;31/12/9999
UU;AIR AUSTRAL;AIR AUSTRAL;01/08/2011;31/12/9999
UV;UNIVERSAL AIRWAYS INC.;UNIVERSAL AIRWAYS INC.;28/10/2002;31/12/9999
UW;UNI-TOP AIRLINES CO LTD;UNI-TOP AIRLINES CO LTD;05/05/2017;31/12/9999
UX;AIR EUROPA LINEAS AEREAS S.A.;AIR EUROPA LINEAS AEREAS S.A.;01/08/2011;31/12/9999
UY;SKY PRIME CHARTER;SKY PRIME CHARTER;05/08/2016;31/12/9999
UZ;BURAQ AIR TRANSPORT (BRQ);BURAQ AIR TRANSPORT (BRQ);08/07/2016;31/12/9999
V0;CONVIASA;CONVIASA;01/05/2014;31/12/9999
V1;IBS SOFTWARE SERVICES AMERICAS INC;IBS SOFTWARE SERVICES AMERICAS INC;01/04/2009;31/12/9999
V2;AVIALEASING AVIATION COMPANY;AVIALEASING AVIATION COMPANY;01/08/2011;31/12/9999
V3;CARPATAIR S.A;CARPATAIR S.A;10/05/1999;31/12/9999
V4;VENSECAR INTERNATIONAL C.A;VENSECAR INTERNATIONAL C.A;01/08/2011;31/12/9999
V5;AEROVIAS DAP S.A.;AEROVIAS DAP S.A.;15/04/2015;31/12/9999
V6;CLAIRMONT HOLDINGS LTD DBA VI AIR LINK;CLAIRMONT HOLDINGS LTD DBA VI AIR LINK;01/03/2014;31/12/9999
V7;VOLOTEA S.A.;VOLOTEA S.A.;05/08/2016;31/12/9999
V8;OOO ATRAN;OOO ATRAN;04/06/2007;31/12/9999
V9;C V CARGO S.A.;C V CARGO S.A.;01/08/2011;31/12/9999
VA;VIRGIN BLUE INTERNATIONAL AIRLINES T/A V;VIRGIN BLUE INTERNATIONAL AIRLINES T/A V;01/08/2011;31/12/9999
VB;VETERAN AVIA LIMITED LIABILITY COMPANY;VETERAN AVIA LIMITED LIABILITY COMPANY;01/10/2012;31/12/9999
VC;VIA AIRLINES INC.;VIA AIRLINES INC.;15/09/2015;31/12/9999
VE;C A I SECOND S P A;C A I SECOND S P A;01/12/2010;31/12/9999
VF;VALUAIR LTD.;VALUAIR LTD.;01/08/2011;31/12/9999
VG;VLM AIRLINES N.V.;VLM AIRLINES N.V.;01/10/2014;31/12/9999
VH;AEROPOSTAL ALAS DE VENEZUELA C.A.;AEROPOSTAL ALAS DE VENEZUELA C.A.;01/08/2011;31/12/9999
VI;VOLGA DNEPR AIRLINE JOINT STOCK;VOLGA DNEPR AIRLINE JOINT STOCK;01/01/1990;31/12/9999
VJ;VIETJET AVIATION JOINT STOCK COMPANY;VIETJET AVIATION JOINT STOCK COMPANY;01/04/2014;31/12/9999
VL;MED VIEW AIRLINES(NIG) LTD.;MED VIEW AIRLINES(NIG) LTD.;01/12/2013;31/12/9999
VM;MAX AIR LIMITED;MAX AIR LIMITED;15/06/2015;31/12/9999
VN;VIETNAM AIRLINES JSC;VIETNAM AIRLINES JSC;15/04/2015;31/12/9999
VO;TYROLEAN AIRWAYS TIROLER LUFTFAHRT GMBA;TYROLEAN AIRWAYS TIROLER LUFTFAHRT GMBA;01/08/2011;31/12/9999
VP;VILLA AIR PVT. LTD. DBA;VILLA AIR PVT. LTD. DBA;02/11/2012;31/12/9999
VQ;NOVOAIR LIMITED;NOVOAIR LIMITED;01/05/2013;31/12/9999
VR;TRANSPORTES AEREOS DE CABO VERDE;TRANSPORTES AEREOS DE CABO VERDE;01/01/1990;31/12/9999
VS;VIRGIN ATLANTIC AIRWAYS LIMITED;VIRGIN ATLANTIC AIRWAYS LIMITED;01/01/1990;31/12/9999
VT;AIR TAHITI;AIR TAHITI;01/01/1990;31/12/9999
VU;VUELOS ECONOMICOS CENTROAMERICANOS;VUELOS ECONOMICOS CENTROAMERICANOS;01/07/2014;31/12/9999
VV;VIVA AIRLINES PERU S.A.C.;VIVA AIRLINES PERU S.A.C.;03/03/2017;31/12/9999
VW;AEROMAR S.A DE C.V.;AEROMAR S.A DE C.V.;01/01/2016;31/12/9999
VX;VIRGIN AMERICA INC;VIRGIN AMERICA INC;01/08/2011;31/12/9999
VY;VUELING AIRLINES SA;VUELING AIRLINES SA;01/11/2011;31/12/9999
VZ;THAI VIETJET AIR;THAI VIETJET AIR;06/05/2016;31/12/9999
W1;WORLD TICKET LTD;WORLD TICKET LTD;07/08/2006;31/12/9999
W2;FLEXFLIGHT APS;FLEXFLIGHT APS;01/08/2011;31/12/9999
W3;ARIK AIR LIMITED;ARIK AIR LIMITED;01/04/2013;31/12/9999
W4;LC BUSRE SAC;LC BUSRE SAC;01/08/2011;31/12/9999
W5;MAHAN AIRLINES;MAHAN AIRLINES;01/08/2011;31/12/9999
W6;WIZZ AIR HUNGARY LTD;WIZZ AIR HUNGARY LTD;26/08/2004;31/12/9999
W7;WINGS OF LEBANON S.A.L.;WINGS OF LEBANON S.A.L.;01/12/2014;31/12/9999
W8;CARGOJET AIRWAYS LTD;CARGOJET AIRWAYS LTD;01/02/2007;31/12/9999
WA;KLM CITYHOPPER;KLM CITYHOPPER;01/01/1990;31/12/9999
WB;RWANDAIR LIMTED;RWANDAIR LIMTED;01/08/2012;31/12/9999
WD;WDL AVIATION;WDL AVIATION;26/07/2019;31/12/9999
WE;THAI SMILE AIRWAYS COMPANY LIMITED;THAI SMILE AIRWAYS COMPANY LIMITED;01/06/2014;31/12/9999
WF;WIDEROE S FLYVESELSKAP A.S.;WIDEROE S FLYVESELSKAP A.S.;01/01/1990;31/12/9999
WG;SUNWING AIRLINES INC;SUNWING AIRLINES INC;01/08/2011;31/12/9999
WH;WEST AFRICAN AIRLINES;WEST AFRICAN AIRLINES;01/11/2013;31/12/9999
WI;WHITE AIRWAYS S A;WHITE AIRWAYS S A;01/11/2011;31/12/9999
WJ;AIR LABRADOR LIMITED;AIR LABRADOR LIMITED;04/11/2016;31/12/9999
WK;EDELWEISS AIR AG;EDELWEISS AIR AG;01/01/2007;31/12/9999
WM;WINDWARD ISLANDS AIRWAYS INT L N.V.;WINDWARD ISLANDS AIRWAYS INT L N.V.;01/08/2011;31/12/9999
WN;SOUTHWEST AIRLINES CO;SOUTHWEST AIRLINES CO;01/01/1990;31/12/9999
WO;WORLD AIRWAYS;WORLD AIRWAYS;01/06/2009;31/12/9999
WP;AIR ANTWERP;AIR ANTWERP;01/05/2019;31/12/9999
WR;WESTJET ENCORE LTD.;WESTJET ENCORE LTD.;07/07/2015;31/12/9999
WS;WESTJET;WESTJET;01/08/2011;31/12/9999
WT;SWIFTAIR SA;SWIFTAIR SA;01/11/2019;31/12/9999
WU;WIZZ AIR UKRAINE LLC;WIZZ AIR UKRAINE LLC;01/08/2011;31/12/9999
WV;AERO VIP COMPANHIA TRANSPORTES SERVICOS;AERO VIP COMPANHIA TRANSPORTES SERVICOS;01/10/2014;31/12/9999
WW;WOW AIR EHF;WOW AIR EHF;01/03/2015;31/12/9999
WX;CITYJET;CITYJET;01/01/1990;31/12/9999
WY;OMAN AIR (S.A.O.C.);OMAN AIR (S.A.O.C.);01/08/2011;31/12/9999
WZ;JOINT STOCK COMPANY RED WING;JOINT STOCK COMPANY RED WING;08/07/2016;31/12/9999
X1;HAHN AIR TECHNOLOGIES GMBH;HAHN AIR TECHNOLOGIES GMBH;19/02/2025;31/12/9999
X3;TUIFLY GMBH;TUIFLY GMBH;01/12/2013;31/12/9999
X4;AIR EXCURSIONS LLC;AIR EXCURSIONS LLC;03/03/2017;31/12/9999
X5;AERONOVA S.L.DBA AIR EUROPA EXPRESS;AERONOVA S.L.DBA AIR EUROPA EXPRESS;02/09/2017;31/12/9999
X8;AVION EXPRESS MALTA LTD;AVION EXPRESS MALTA LTD;12/07/2023;31/12/9999
X9;JSC AVION EXPRESS;JSC AVION EXPRESS;01/08/2012;31/12/9999
XA;ARINC AERONAUTICAL RADIO INC.;ARINC AERONAUTICAL RADIO INC.;01/01/1990;31/12/9999
XB;INTERNATIONAL AIR TRANSPORT ASSOCIATION;INTERNATIONAL AIR TRANSPORT ASSOCIATION;01/02/2015;31/12/9999
XC;TURISTIK HAVA TASIMACILIK A.S. (CORENDON;TURISTIK HAVA TASIMACILIK A.S. (CORENDON;01/07/2011;31/12/9999
XD;AIR TRANSPORT ASSOCIATION OF AMERICA DBA;AIR TRANSPORT ASSOCIATION OF AMERICA DBA;01/01/2012;31/12/9999
XE;KOREA EXPRESS AIR CO LTD;KOREA EXPRESS AIR CO LTD;01/08/2011;31/12/9999
XF;VLADIVOSTOK AIR;VLADIVOSTOK AIR;01/08/2011;31/12/9999
XG;SUNEXPRESS DEUTSCHLAND GMBH;SUNEXPRESS DEUTSCHLAND GMBH;01/07/2011;31/12/9999
XH;SPECIAL GROUND HANDLING SERVICE;SPECIAL GROUND HANDLING SERVICE;01/01/1990;31/12/9999
XI;AERONAUTICAL TELECOMMUNICATIONS AEROTEL;AERONAUTICAL TELECOMMUNICATIONS AEROTEL;01/01/2002;31/12/9999
XJ;THAI AIRASIA X COMPANY LIMITED;THAI AIRASIA X COMPANY LIMITED;01/04/2014;31/12/9999
XK;AIR CORSICA;AIR CORSICA;01/01/2012;31/12/9999
XL;AEROLANE LINEAS AEREA NACIONAL DBA LATAM;AEROLANE LINEAS AEREA NACIONAL DBA LATAM;06/05/2016;31/12/9999
XM;C A I FIRST S P A;C A I FIRST S P A;12/01/2009;31/12/9999
XN;MANASIK AVIATION COMPANY;MANASIK AVIATION COMPANY;01/02/2025;31/12/9999
XO;EXEC DIRECT AVIATION SERVICES LIMITED;EXEC DIRECT AVIATION SERVICES LIMITED;01/03/2012;31/12/9999
XP;TEM ENTERPRISES;TEM ENTERPRISES;01/03/2009;31/12/9999
XQ;SUN EXPRESS;SUN EXPRESS;01/07/2012;31/12/9999
XR;VIRGIN AUSTRALIA REGIONAL AIRLINES PTY L;VIRGIN AUSTRALIA REGIONAL AIRLINES PTY L;01/06/2013;31/12/9999
XS;SITA AIRLINES WORLDWIDE TELECOMMUNICATIO;SITA AIRLINES WORLDWIDE TELECOMMUNICATIO;01/08/2011;31/12/9999
XT;INDONESIA AIRASIA EXTRA PT;INDONESIA AIRASIA EXTRA PT;01/12/2014;31/12/9999
XU;AFRICAN EXPRESS AIRWAYS (K) LIMITED;AFRICAN EXPRESS AIRWAYS (K) LIMITED;01/08/2011;31/12/9999
XV;BV AIRWAYS DBA BVI AIRWAYS;BV AIRWAYS DBA BVI AIRWAYS;02/12/2010;31/12/9999
XW;NOKSCOOT AIRLINES COMPANY LIMITED;NOKSCOOT AIRLINES COMPANY LIMITED;01/01/2015;31/12/9999
XY;NATIONAL AIR SERVICES DBA FLYNAS;NATIONAL AIR SERVICES DBA FLYNAS;01/02/2014;31/12/9999
XZ;SOUTH AFRICAN EXPRESS AIRWAYS PTY LTD;SOUTH AFRICAN EXPRESS AIRWAYS PTY LTD;01/11/2013;31/12/9999
Y1;TRAVEL TECHNOLOGY INTERACTIVE SA;TRAVEL TECHNOLOGY INTERACTIVE SA;01/08/2013;31/12/9999
Y2;AIR CENTURY S.A.;AIR CENTURY S.A.;07/07/2015;31/12/9999
Y4;CONCESIONARIA VUELA COMPANIA DE AVIACION;CONCESIONARIA VUELA COMPANIA DE AVIACION;01/08/2011;31/12/9999
Y5;GOLDEN MYANMAR AIRLINES PUBLIC CO. LTD.;GOLDEN MYANMAR AIRLINES PUBLIC CO. LTD.;01/04/2013;31/12/9999
Y7;JOINT-STOCK COMPANY NORDSTAR AIRLINES DB;JOINT-STOCK COMPANY NORDSTAR AIRLINES DB;02/09/2016;31/12/9999
Y8;YANGTZE RIVER EXPRESS AIRLINES CO. LTD;YANGTZE RIVER EXPRESS AIRLINES CO. LTD;01/10/2012;31/12/9999
Y9;KISH AIRLINES;KISH AIRLINES;27/08/2002;31/12/9999
YB;BORA JET HAVACILIK TASIMACILIK UCAK;BORA JET HAVACILIK TASIMACILIK UCAK;09/11/2015;31/12/9999
YD;SYNERGY AVIATION LTD.;SYNERGY AVIATION LTD.;07/07/2015;31/12/9999
YE;YAN AIR LTD;YAN AIR LTD;15/04/2015;31/12/9999
YG;YTO CARGO AIRLINES CO. LTD.;YTO CARGO AIRLINES CO. LTD.;07/07/2015;31/12/9999
YH;SUNSPLASH AVIATION LLC;SUNSPLASH AVIATION LLC;01/03/2014;31/12/9999
YI;AIR SUNSHINE INC.;AIR SUNSHINE INC.;01/08/2011;31/12/9999
YJ;ASIAN WINGS AIRWAYS LIMITED;ASIAN WINGS AIRWAYS LIMITED;01/11/2012;31/12/9999
YK;AVIA TRAFFIC COMPANY;AVIA TRAFFIC COMPANY;01/08/2011;31/12/9999
YL;LIBYAN WINGS;LIBYAN WINGS;07/07/2015;31/12/9999
YM;MONTENEGRO AIRLINES;MONTENEGRO AIRLINES;25/09/2006;31/12/9999
YN;AIR CREEBEC (1994) INC.;AIR CREEBEC (1994) INC.;01/01/1990;31/12/9999
YO;HELI AIR MONACO;HELI AIR MONACO;08/01/2016;31/12/9999
YP;AIR PREMIA INC;AIR PREMIA INC;20/09/2023;31/12/9999
YR;GRAND CANYON AIRLINES INC DBA SCENIC AIR;GRAND CANYON AIRLINES INC DBA SCENIC AIR;09/11/2015;31/12/9999
YS;FLIGHTLINK LIMITED;FLIGHTLINK LIMITED;01/02/2025;31/12/9999
YT;YETI AIRLINES DOMESTIC PVT LTD;YETI AIRLINES DOMESTIC PVT LTD;04/03/2008;31/12/9999
YU;EUROATLANTIC AIRWAYS S.A.;EUROATLANTIC AIRWAYS S.A.;01/09/2010;31/12/9999
YV;MESA AIRLINES INC.;MESA AIRLINES INC.;01/12/2010;31/12/9999
YW;AIR NOSTRUM L.A.M.S.A.;AIR NOSTRUM L.A.M.S.A.;23/08/2010;31/12/9999
YX;REPUBLIC AIRLINE  INC.;REPUBLIC AIRLINE  INC.;01/09/2011;31/12/9999
YY;FICTITIOUS FUEL COMPANY FOR AF OA.NI;FICTITIOUS FUEL COMPANY FOR AF OA.NI;21/09/2011;31/12/9999
Z0;NORSE ATLANTIC UK LTD;NORSE ATLANTIC UK LTD;01/04/2024;31/12/9999
Z1;AIRLINE CONTROL SYSTEMS (PTY) LTD;AIRLINE CONTROL SYSTEMS (PTY) LTD;01/08/2011;31/12/9999
Z2;ZEST AIRWAYS INC;ZEST AIRWAYS INC;22/06/2017;31/12/9999
Z3;PM AIR LLC;PM AIR LLC;02/03/2008;31/12/9999
Z4;PUMA AIR LINHAS AEREAS LTDA;PUMA AIR LINHAS AEREAS LTDA;01/08/2010;31/12/9999
Z5;GMG AIRLINES LTD;GMG AIRLINES LTD;01/01/1990;31/12/9999
Z6;PUBLIC JSC AVIATION COMPANY DNIPROAVIA;PUBLIC JSC AVIATION COMPANY DNIPROAVIA;01/08/2014;31/12/9999
Z7;AMASZONAS URUGUAY;AMASZONAS URUGUAY;03/02/2017;31/12/9999
Z8;COMPANIA DE SERVICIOS DE TRANSPORTE AERE;COMPANIA DE SERVICIOS DE TRANSPORTE AERE;01/12/2013;31/12/9999
Z9;JSC BEK AIR;JSC BEK AIR;01/07/2012;31/12/9999
ZA;SKY ANGKOR AIRLINES;SKY ANGKOR AIRLINES;08/05/2015;31/12/9999
ZB;MONARCH AIRLINES;MONARCH AIRLINES;01/01/1990;31/12/9999
ZC;KORONGO AIRLINES;KORONGO AIRLINES;01/01/2011;31/12/9999
ZD;EWA AIR;EWA AIR;01/11/2013;31/12/9999
ZE;EASTAR JET CO. LTD.;EASTAR JET CO. LTD.;01/05/2014;31/12/9999
ZF;AZUR AIR LIMITED LIABILITY COMPANY;AZUR AIR LIMITED LIABILITY COMPANY;09/11/2015;31/12/9999
ZG;AIR EXPRESS LIMITED;AIR EXPRESS LIMITED;13/11/2002;31/12/9999
ZH;SHENZHEN AIRLINES;SHENZHEN AIRLINES;01/08/2011;31/12/9999
ZI;AIGLE AZUR;AIGLE AZUR;30/03/2003;31/12/9999
ZJ;ZAMBEZI AIRLINES;ZAMBEZI AIRLINES;01/08/2011;31/12/9999
ZK;LIMITED LIABILITY COMPANY AIRCOMPANY ZET;LIMITED LIABILITY COMPANY AIRCOMPANY ZET;01/01/2012;31/12/9999
ZL;REGIONAL EXPRESS PTY LIMITED;REGIONAL EXPRESS PTY LIMITED;01/08/2011;31/12/9999
ZM;AIR MANAS;AIR MANAS;01/05/2013;31/12/9999
ZN;NAYSA;NAYSA;01/08/2011;31/12/9999
ZP;AMASZONAS DEL PARAGUAY SA;AMASZONAS DEL PARAGUAY SA;03/03/2017;31/12/9999
ZQ;GERMAN AIRWAYS;GERMAN AIRWAYS;03/06/2021;31/12/9999
ZR;PUNTO AZUL;PUNTO AZUL;01/06/2014;31/12/9999
ZS;JSC KAZAVIASPAS;JSC KAZAVIASPAS;01/04/2014;31/12/9999
ZT;TITAN AIRWAYS LTD;TITAN AIRWAYS LTD;01/06/2018;31/12/9999
ZV;ZAGROS AIRLINES;ZAGROS AIRLINES;01/09/2010;31/12/9999
ZW;AIR WISCONSIN AIRLINES CORPORATION;AIR WISCONSIN AIRLINES CORPORATION;01/01/1990;31/12/9999
ZX;AIR GEORGIAN LTD DBA AIR ALLIANCE;AIR GEORGIAN LTD DBA AIR ALLIANCE;01/08/2007;31/12/9999
ZY;CHINA AIR CARGO CO. LTD;CHINA AIR CARGO CO. LTD;08/12/2016;31/12/9999
ZZ;FICTITIOUS FLIGHTS TEST;FICTITIOUS FLIGHTS TEST;21/06/2017;31/12/9999
